[2026-05-30T18:27:46.422Z] [RENDER] Homepage Server Side render initiated.
--------------------------------------------------
[2026-05-30T18:27:46.425Z] [INIT] fetchWooCommerceProducts: WOOCOMMERCE_URL="https://tiendacp.boostpatagonia.online/wp-json/wc/v3", CK=SET, CS=SET
--------------------------------------------------
[2026-05-30T18:27:46.425Z] [FETCH] Page 1 requesting: https://tiendacp.boostpatagonia.online/wp-json/wc/v3/products?per_page=80&page=1&status=publish
--------------------------------------------------
[2026-05-30T18:27:46.447Z] [RESPONSE] Page 1 received. Status: 200 ok: true
--------------------------------------------------
[2026-05-30T18:27:46.456Z] [SUCCESS] Page 1 successfully fetched 80 products.
--------------------------------------------------
[2026-05-30T18:27:46.457Z] [FETCH] Page 2 requesting: https://tiendacp.boostpatagonia.online/wp-json/wc/v3/products?per_page=80&page=2&status=publish
--------------------------------------------------
[2026-05-30T18:27:46.459Z] [RESPONSE] Page 2 received. Status: 200 ok: true
--------------------------------------------------
[2026-05-30T18:27:46.461Z] [SUCCESS] Page 2 successfully fetched 80 products.
--------------------------------------------------
[2026-05-30T18:27:46.461Z] [FETCH] Page 3 requesting: https://tiendacp.boostpatagonia.online/wp-json/wc/v3/products?per_page=80&page=3&status=publish
--------------------------------------------------
[2026-05-30T18:27:46.464Z] [RESPONSE] Page 3 received. Status: 200 ok: true
--------------------------------------------------
[2026-05-30T18:27:46.469Z] [SUCCESS] Page 3 successfully fetched 80 products.
--------------------------------------------------
[2026-05-30T18:27:46.469Z] [FETCH] Page 4 requesting: https://tiendacp.boostpatagonia.online/wp-json/wc/v3/products?per_page=80&page=4&status=publish
--------------------------------------------------
[2026-05-30T18:27:46.470Z] [RESPONSE] Page 4 received. Status: 200 ok: true
--------------------------------------------------
[2026-05-30T18:27:46.471Z] [SUCCESS] Page 4 successfully fetched 12 products.
--------------------------------------------------
[2026-05-30T18:27:46.471Z] [FETCH] Page 5 requesting: https://tiendacp.boostpatagonia.online/wp-json/wc/v3/products?per_page=80&page=5&status=publish
--------------------------------------------------
[2026-05-30T18:27:46.472Z] [RESPONSE] Page 5 received. Status: 200 ok: true
--------------------------------------------------
[2026-05-30T18:27:46.472Z] [SUCCESS] Page 5 successfully fetched 0 products.
--------------------------------------------------
[2026-05-30T18:27:46.472Z] [LOOP_BREAK] Stopped product loop at page 5 (no more products or connection failed).
--------------------------------------------------
[2026-05-30T18:27:46.472Z] [COMPLETE] fetchWooCommerceProducts completed. Total real products flattened: 252
--------------------------------------------------
[2026-05-30T18:27:46.474Z] [RENDER] Homepage successfully loaded 274 live products.
--------------------------------------------------
[2026-05-30T18:27:46.481Z] [BACKUP WRITE] Successfully saved offline backup to backup-products.json (252 items)
--------------------------------------------------
[2026-05-30T18:27:46.588Z] [RENDER] Homepage Server Side render initiated.
--------------------------------------------------
[2026-05-30T18:27:46.588Z] [INIT] fetchWooCommerceProducts: WOOCOMMERCE_URL="https://tiendacp.boostpatagonia.online/wp-json/wc/v3", CK=SET, CS=SET
--------------------------------------------------
[2026-05-30T18:27:46.589Z] [FETCH] Page 1 requesting: https://tiendacp.boostpatagonia.online/wp-json/wc/v3/products?per_page=80&page=1&status=publish
--------------------------------------------------
[2026-05-30T18:27:46.597Z] [RESPONSE] Page 1 received. Status: 200 ok: true
--------------------------------------------------
[2026-05-30T18:27:46.601Z] [SUCCESS] Page 1 successfully fetched 80 products.
--------------------------------------------------
[2026-05-30T18:27:46.601Z] [FETCH] Page 2 requesting: https://tiendacp.boostpatagonia.online/wp-json/wc/v3/products?per_page=80&page=2&status=publish
--------------------------------------------------
[2026-05-30T18:27:46.603Z] [RESPONSE] Page 2 received. Status: 200 ok: true
--------------------------------------------------
[2026-05-30T18:27:46.605Z] [SUCCESS] Page 2 successfully fetched 80 products.
--------------------------------------------------
[2026-05-30T18:27:46.605Z] [FETCH] Page 3 requesting: https://tiendacp.boostpatagonia.online/wp-json/wc/v3/products?per_page=80&page=3&status=publish
--------------------------------------------------
[2026-05-30T18:27:46.608Z] [RESPONSE] Page 3 received. Status: 200 ok: true
--------------------------------------------------
[2026-05-30T18:27:46.613Z] [SUCCESS] Page 3 successfully fetched 80 products.
--------------------------------------------------
[2026-05-30T18:27:46.614Z] [FETCH] Page 4 requesting: https://tiendacp.boostpatagonia.online/wp-json/wc/v3/products?per_page=80&page=4&status=publish
--------------------------------------------------
[2026-05-30T18:27:46.615Z] [RESPONSE] Page 4 received. Status: 200 ok: true
--------------------------------------------------
[2026-05-30T18:27:46.616Z] [SUCCESS] Page 4 successfully fetched 12 products.
--------------------------------------------------
[2026-05-30T18:27:46.617Z] [FETCH] Page 5 requesting: https://tiendacp.boostpatagonia.online/wp-json/wc/v3/products?per_page=80&page=5&status=publish
--------------------------------------------------
[2026-05-30T18:27:46.618Z] [RESPONSE] Page 5 received. Status: 200 ok: true
--------------------------------------------------
[2026-05-30T18:27:46.619Z] [SUCCESS] Page 5 successfully fetched 0 products.
--------------------------------------------------
[2026-05-30T18:27:46.620Z] [LOOP_BREAK] Stopped product loop at page 5 (no more products or connection failed).
--------------------------------------------------
[2026-05-30T18:27:46.620Z] [COMPLETE] fetchWooCommerceProducts completed. Total real products flattened: 252
--------------------------------------------------
[2026-05-30T18:27:46.622Z] [RENDER] Homepage successfully loaded 274 live products.
--------------------------------------------------
[2026-05-30T18:27:46.630Z] [BACKUP WRITE] Successfully saved offline backup to backup-products.json (252 items)
--------------------------------------------------
[2026-05-30T18:27:46.684Z] [RENDER] Homepage Server Side render initiated.
--------------------------------------------------
[2026-05-30T18:27:46.684Z] [CACHE HIT] Products returned from memory cache (274 products, age: 0s)
--------------------------------------------------
[2026-05-30T18:27:46.688Z] [RENDER] Homepage successfully loaded 274 live products.
--------------------------------------------------
[2026-05-30T18:27:46.730Z] [RENDER] Homepage Server Side render initiated.
--------------------------------------------------
[2026-05-30T18:27:46.731Z] [CACHE HIT] Products returned from memory cache (274 products, age: 0s)
--------------------------------------------------
[2026-05-30T18:27:46.733Z] [RENDER] Homepage successfully loaded 274 live products.
--------------------------------------------------
[2026-05-30T18:27:46.760Z] [RENDER] Homepage Server Side render initiated.
--------------------------------------------------
[2026-05-30T18:27:46.760Z] [CACHE HIT] Products returned from memory cache (274 products, age: 0s)
--------------------------------------------------
[2026-05-30T18:27:46.762Z] [RENDER] Homepage successfully loaded 274 live products.
--------------------------------------------------
[2026-05-30T18:27:46.797Z] [RENDER] Homepage Server Side render initiated.
--------------------------------------------------
[2026-05-30T18:27:46.797Z] [CACHE HIT] Products returned from memory cache (274 products, age: 0s)
--------------------------------------------------
[2026-05-30T18:27:46.800Z] [RENDER] Homepage successfully loaded 274 live products.
--------------------------------------------------
[2026-05-30T18:27:46.844Z] [RENDER] Homepage Server Side render initiated.
--------------------------------------------------
[2026-05-30T18:27:46.845Z] [CACHE HIT] Products returned from memory cache (274 products, age: 0s)
--------------------------------------------------
[2026-05-30T18:27:46.847Z] [RENDER] Homepage successfully loaded 274 live products.
--------------------------------------------------
[2026-05-30T18:27:46.878Z] [RENDER] Homepage Server Side render initiated.
--------------------------------------------------
[2026-05-30T18:27:46.878Z] [CACHE HIT] Products returned from memory cache (274 products, age: 0s)
--------------------------------------------------
[2026-05-30T18:27:46.880Z] [RENDER] Homepage successfully loaded 274 live products.
--------------------------------------------------
[2026-05-30T18:27:46.938Z] [RENDER] Homepage Server Side render initiated.
--------------------------------------------------
[2026-05-30T18:27:46.938Z] [CACHE HIT] Products returned from memory cache (274 products, age: 0s)
--------------------------------------------------
[2026-05-30T18:27:46.940Z] [RENDER] Homepage successfully loaded 274 live products.
--------------------------------------------------
[2026-05-30T18:27:46.969Z] [RENDER] Homepage Server Side render initiated.
--------------------------------------------------
[2026-05-30T18:27:46.969Z] [CACHE HIT] Products returned from memory cache (274 products, age: 0s)
--------------------------------------------------
[2026-05-30T18:27:46.971Z] [RENDER] Homepage successfully loaded 274 live products.
--------------------------------------------------
[2026-05-30T18:27:46.998Z] [RENDER] Homepage Server Side render initiated.
--------------------------------------------------
[2026-05-30T18:27:46.998Z] [CACHE HIT] Products returned from memory cache (274 products, age: 0s)
--------------------------------------------------
[2026-05-30T18:27:47.001Z] [RENDER] Homepage successfully loaded 274 live products.
--------------------------------------------------
[2026-05-30T18:27:47.035Z] [RENDER] Homepage Server Side render initiated.
--------------------------------------------------
[2026-05-30T18:27:47.035Z] [CACHE HIT] Products returned from memory cache (274 products, age: 0s)
--------------------------------------------------
[2026-05-30T18:27:47.037Z] [RENDER] Homepage successfully loaded 274 live products.
--------------------------------------------------
[2026-05-30T18:27:47.088Z] [RENDER] Homepage Server Side render initiated.
--------------------------------------------------
[2026-05-30T18:27:47.089Z] [CACHE HIT] Products returned from memory cache (274 products, age: 0s)
--------------------------------------------------
[2026-05-30T18:27:47.091Z] [RENDER] Homepage successfully loaded 274 live products.
--------------------------------------------------
[2026-05-30T18:27:47.138Z] [RENDER] Homepage Server Side render initiated.
--------------------------------------------------
[2026-05-30T18:27:47.139Z] [CACHE HIT] Products returned from memory cache (274 products, age: 1s)
--------------------------------------------------
[2026-05-30T18:27:47.141Z] [RENDER] Homepage successfully loaded 274 live products.
--------------------------------------------------
[2026-05-30T18:27:47.172Z] [RENDER] Homepage Server Side render initiated.
--------------------------------------------------
[2026-05-30T18:27:47.172Z] [CACHE HIT] Products returned from memory cache (274 products, age: 1s)
--------------------------------------------------
[2026-05-30T18:27:47.174Z] [RENDER] Homepage successfully loaded 274 live products.
--------------------------------------------------
[2026-05-30T18:27:47.203Z] [RENDER] Homepage Server Side render initiated.
--------------------------------------------------
[2026-05-30T18:27:47.204Z] [CACHE HIT] Products returned from memory cache (274 products, age: 1s)
--------------------------------------------------
[2026-05-30T18:27:47.206Z] [RENDER] Homepage successfully loaded 274 live products.
--------------------------------------------------
[2026-05-30T18:27:47.238Z] [RENDER] Homepage Server Side render initiated.
--------------------------------------------------
[2026-05-30T18:27:47.238Z] [CACHE HIT] Products returned from memory cache (274 products, age: 1s)
--------------------------------------------------
[2026-05-30T18:27:47.240Z] [RENDER] Homepage successfully loaded 274 live products.
--------------------------------------------------
[2026-05-30T18:27:47.268Z] [RENDER] Homepage Server Side render initiated.
--------------------------------------------------
[2026-05-30T18:27:47.268Z] [CACHE HIT] Products returned from memory cache (274 products, age: 1s)
--------------------------------------------------
[2026-05-30T18:27:47.270Z] [RENDER] Homepage successfully loaded 274 live products.
--------------------------------------------------
[2026-05-30T18:27:47.309Z] [RENDER] Homepage Server Side render initiated.
--------------------------------------------------
[2026-05-30T18:27:47.309Z] [CACHE HIT] Products returned from memory cache (274 products, age: 1s)
--------------------------------------------------
[2026-05-30T18:27:47.311Z] [RENDER] Homepage successfully loaded 274 live products.
--------------------------------------------------
[2026-05-30T18:27:47.516Z] [RENDER] Homepage Server Side render initiated.
--------------------------------------------------
[2026-05-30T18:27:47.517Z] [CACHE HIT] Products returned from memory cache (274 products, age: 1s)
--------------------------------------------------
[2026-05-30T18:27:47.525Z] [RENDER] Homepage successfully loaded 274 live products.
--------------------------------------------------
[2026-05-30T18:27:47.603Z] [RENDER] Homepage Server Side render initiated.
--------------------------------------------------
[2026-05-30T18:27:47.604Z] [CACHE HIT] Products returned from memory cache (274 products, age: 1s)
--------------------------------------------------
[2026-05-30T18:27:47.608Z] [RENDER] Homepage successfully loaded 274 live products.
--------------------------------------------------
[2026-05-30T18:27:47.641Z] [RENDER] Homepage Server Side render initiated.
--------------------------------------------------
[2026-05-30T18:27:47.641Z] [CACHE HIT] Products returned from memory cache (274 products, age: 1s)
--------------------------------------------------
[2026-05-30T18:27:47.643Z] [RENDER] Homepage successfully loaded 274 live products.
--------------------------------------------------
[2026-05-30T18:27:47.682Z] [RENDER] Homepage Server Side render initiated.
--------------------------------------------------
[2026-05-30T18:27:47.682Z] [CACHE HIT] Products returned from memory cache (274 products, age: 1s)
--------------------------------------------------
[2026-05-30T18:27:47.684Z] [RENDER] Homepage successfully loaded 274 live products.
--------------------------------------------------
[2026-05-30T18:27:47.714Z] [RENDER] Homepage Server Side render initiated.
--------------------------------------------------
[2026-05-30T18:27:47.714Z] [CACHE HIT] Products returned from memory cache (274 products, age: 1s)
--------------------------------------------------
[2026-05-30T18:27:47.716Z] [RENDER] Homepage successfully loaded 274 live products.
--------------------------------------------------
[2026-05-30T18:27:47.748Z] [RENDER] Homepage Server Side render initiated.
--------------------------------------------------
[2026-05-30T18:27:47.748Z] [CACHE HIT] Products returned from memory cache (274 products, age: 1s)
--------------------------------------------------
[2026-05-30T18:27:47.750Z] [RENDER] Homepage successfully loaded 274 live products.
--------------------------------------------------
[2026-05-30T18:27:47.789Z] [RENDER] Homepage Server Side render initiated.
--------------------------------------------------
[2026-05-30T18:27:47.789Z] [CACHE HIT] Products returned from memory cache (274 products, age: 1s)
--------------------------------------------------
[2026-05-30T18:27:47.791Z] [RENDER] Homepage successfully loaded 274 live products.
--------------------------------------------------
[2026-05-30T18:27:47.824Z] [RENDER] Homepage Server Side render initiated.
--------------------------------------------------
[2026-05-30T18:27:47.825Z] [CACHE HIT] Products returned from memory cache (274 products, age: 1s)
--------------------------------------------------
[2026-05-30T18:27:47.827Z] [RENDER] Homepage successfully loaded 274 live products.
--------------------------------------------------
[2026-05-30T18:27:47.856Z] [RENDER] Homepage Server Side render initiated.
--------------------------------------------------
[2026-05-30T18:27:47.856Z] [CACHE HIT] Products returned from memory cache (274 products, age: 1s)
--------------------------------------------------
[2026-05-30T18:27:47.858Z] [RENDER] Homepage successfully loaded 274 live products.
--------------------------------------------------
[2026-05-30T18:27:47.888Z] [RENDER] Homepage Server Side render initiated.
--------------------------------------------------
[2026-05-30T18:27:47.888Z] [CACHE HIT] Products returned from memory cache (274 products, age: 1s)
--------------------------------------------------
[2026-05-30T18:27:47.890Z] [RENDER] Homepage successfully loaded 274 live products.
--------------------------------------------------
[2026-05-30T18:27:47.920Z] [RENDER] Homepage Server Side render initiated.
--------------------------------------------------
[2026-05-30T18:27:47.921Z] [CACHE HIT] Products returned from memory cache (274 products, age: 1s)
--------------------------------------------------
[2026-05-30T18:27:47.923Z] [RENDER] Homepage successfully loaded 274 live products.
--------------------------------------------------
[2026-05-30T18:27:47.963Z] [RENDER] Homepage Server Side render initiated.
--------------------------------------------------
[2026-05-30T18:27:47.963Z] [CACHE HIT] Products returned from memory cache (274 products, age: 1s)
--------------------------------------------------
[2026-05-30T18:27:47.965Z] [RENDER] Homepage successfully loaded 274 live products.
--------------------------------------------------
[2026-05-30T18:27:48.001Z] [RENDER] Homepage Server Side render initiated.
--------------------------------------------------
[2026-05-30T18:27:48.001Z] [CACHE HIT] Products returned from memory cache (274 products, age: 1s)
--------------------------------------------------
[2026-05-30T18:27:48.003Z] [RENDER] Homepage successfully loaded 274 live products.
--------------------------------------------------
[2026-05-30T18:27:48.035Z] [RENDER] Homepage Server Side render initiated.
--------------------------------------------------
[2026-05-30T18:27:48.035Z] [CACHE HIT] Products returned from memory cache (274 products, age: 1s)
--------------------------------------------------
[2026-05-30T18:27:48.037Z] [RENDER] Homepage successfully loaded 274 live products.
--------------------------------------------------
[2026-05-30T18:30:29.656Z] [RENDER] Homepage Server Side render initiated.
--------------------------------------------------
[2026-05-30T18:30:29.657Z] [CACHE HIT] Products returned from memory cache (274 products, age: 163s)
--------------------------------------------------
[2026-05-30T18:30:29.664Z] [RENDER] Homepage successfully loaded 274 live products.
--------------------------------------------------
[2026-05-30T18:31:31.265Z] [RENDER] Homepage Server Side render initiated.
--------------------------------------------------
[2026-05-30T18:31:31.267Z] [INIT] fetchWooCommerceProducts: WOOCOMMERCE_URL="https://tiendacp.boostpatagonia.online/wp-json/wc/v3", CK=SET, CS=SET
--------------------------------------------------
[2026-05-30T18:31:31.268Z] [FETCH] Page 1 requesting: https://tiendacp.boostpatagonia.online/wp-json/wc/v3/products?per_page=80&page=1&status=publish
--------------------------------------------------
[2026-05-30T18:31:31.300Z] [RESPONSE] Page 1 received. Status: 200 ok: true
--------------------------------------------------
[2026-05-30T18:31:31.330Z] [SUCCESS] Page 1 successfully fetched 80 products.
--------------------------------------------------
[2026-05-30T18:31:31.331Z] [FETCH] Page 2 requesting: https://tiendacp.boostpatagonia.online/wp-json/wc/v3/products?per_page=80&page=2&status=publish
--------------------------------------------------
[2026-05-30T18:31:31.368Z] [RESPONSE] Page 2 received. Status: 200 ok: true
--------------------------------------------------
[2026-05-30T18:31:31.375Z] [SUCCESS] Page 2 successfully fetched 80 products.
--------------------------------------------------
[2026-05-30T18:31:31.376Z] [FETCH] Page 3 requesting: https://tiendacp.boostpatagonia.online/wp-json/wc/v3/products?per_page=80&page=3&status=publish
--------------------------------------------------
[2026-05-30T18:31:31.379Z] [RESPONSE] Page 3 received. Status: 200 ok: true
--------------------------------------------------
[2026-05-30T18:31:31.388Z] [SUCCESS] Page 3 successfully fetched 80 products.
--------------------------------------------------
[2026-05-30T18:31:31.389Z] [FETCH] Page 4 requesting: https://tiendacp.boostpatagonia.online/wp-json/wc/v3/products?per_page=80&page=4&status=publish
--------------------------------------------------
[2026-05-30T18:31:31.391Z] [RESPONSE] Page 4 received. Status: 200 ok: true
--------------------------------------------------
[2026-05-30T18:31:31.393Z] [SUCCESS] Page 4 successfully fetched 12 products.
--------------------------------------------------
[2026-05-30T18:31:31.393Z] [FETCH] Page 5 requesting: https://tiendacp.boostpatagonia.online/wp-json/wc/v3/products?per_page=80&page=5&status=publish
--------------------------------------------------
[2026-05-30T18:31:31.407Z] [RESPONSE] Page 5 received. Status: 200 ok: true
--------------------------------------------------
[2026-05-30T18:31:31.410Z] [SUCCESS] Page 5 successfully fetched 0 products.
--------------------------------------------------
[2026-05-30T18:31:31.410Z] [LOOP_BREAK] Stopped product loop at page 5 (no more products or connection failed).
--------------------------------------------------
[2026-05-30T18:31:31.411Z] [COMPLETE] fetchWooCommerceProducts completed. Total real products flattened: 252
--------------------------------------------------
[2026-05-30T18:31:31.437Z] [RENDER] Homepage successfully loaded 274 live products.
--------------------------------------------------
[2026-05-30T18:31:31.453Z] [BACKUP WRITE] Successfully saved offline backup to backup-products.json (252 items)
--------------------------------------------------
[2026-05-30T18:31:31.580Z] [RENDER] Homepage Server Side render initiated.
--------------------------------------------------
[2026-05-30T18:31:31.580Z] [CACHE HIT] Products returned from memory cache (274 products, age: 0s)
--------------------------------------------------
[2026-05-30T18:31:31.588Z] [RENDER] Homepage successfully loaded 274 live products.
--------------------------------------------------
[2026-05-30T18:31:31.718Z] [RENDER] Homepage Server Side render initiated.
--------------------------------------------------
[2026-05-30T18:31:31.719Z] [CACHE HIT] Products returned from memory cache (274 products, age: 0s)
--------------------------------------------------
[2026-05-30T18:31:31.726Z] [RENDER] Homepage successfully loaded 274 live products.
--------------------------------------------------
[2026-05-30T18:31:31.810Z] [RENDER] Homepage Server Side render initiated.
--------------------------------------------------
[2026-05-30T18:31:31.811Z] [CACHE HIT] Products returned from memory cache (274 products, age: 0s)
--------------------------------------------------
[2026-05-30T18:31:31.820Z] [RENDER] Homepage successfully loaded 274 live products.
--------------------------------------------------
[2026-05-30T18:31:31.887Z] [RENDER] Homepage Server Side render initiated.
--------------------------------------------------
[2026-05-30T18:31:31.888Z] [CACHE HIT] Products returned from memory cache (274 products, age: 0s)
--------------------------------------------------
[2026-05-30T18:31:31.891Z] [RENDER] Homepage successfully loaded 274 live products.
--------------------------------------------------
[2026-05-30T18:31:31.944Z] [RENDER] Homepage Server Side render initiated.
--------------------------------------------------
[2026-05-30T18:31:31.944Z] [CACHE HIT] Products returned from memory cache (274 products, age: 1s)
--------------------------------------------------
[2026-05-30T18:31:31.947Z] [RENDER] Homepage successfully loaded 274 live products.
--------------------------------------------------
[2026-05-30T18:31:32.029Z] [RENDER] Homepage Server Side render initiated.
--------------------------------------------------
[2026-05-30T18:31:32.029Z] [CACHE HIT] Products returned from memory cache (274 products, age: 1s)
--------------------------------------------------
[2026-05-30T18:31:32.038Z] [RENDER] Homepage successfully loaded 274 live products.
--------------------------------------------------
[2026-05-30T18:31:32.705Z] [RENDER] Homepage Server Side render initiated.
--------------------------------------------------
[2026-05-30T18:31:32.706Z] [CACHE HIT] Products returned from memory cache (274 products, age: 1s)
--------------------------------------------------
[2026-05-30T18:31:32.877Z] [RENDER] Homepage successfully loaded 274 live products.
--------------------------------------------------
[2026-05-30T18:31:33.058Z] [RENDER] Homepage Server Side render initiated.
--------------------------------------------------
[2026-05-30T18:31:33.059Z] [CACHE HIT] Products returned from memory cache (274 products, age: 2s)
--------------------------------------------------
[2026-05-30T18:31:33.066Z] [RENDER] Homepage successfully loaded 274 live products.
--------------------------------------------------
[2026-05-30T18:32:45.040Z] [RENDER] Homepage Server Side render initiated.
--------------------------------------------------
[2026-05-30T18:32:45.041Z] [CACHE HIT] Products returned from memory cache (274 products, age: 74s)
--------------------------------------------------
[2026-05-30T18:32:45.047Z] [RENDER] Homepage successfully loaded 274 live products.
--------------------------------------------------
[2026-05-30T18:32:58.674Z] [RENDER] Homepage Server Side render initiated.
--------------------------------------------------
[2026-05-30T18:32:58.675Z] [INIT] fetchWooCommerceProducts: WOOCOMMERCE_URL="https://tiendacp.boostpatagonia.online/wp-json/wc/v3", CK=SET, CS=SET
--------------------------------------------------
[2026-05-30T18:32:58.676Z] [FETCH] Page 1 requesting: https://tiendacp.boostpatagonia.online/wp-json/wc/v3/products?per_page=80&page=1&status=publish
--------------------------------------------------
[2026-05-30T18:32:58.708Z] [RESPONSE] Page 1 received. Status: 200 ok: true
--------------------------------------------------
[2026-05-30T18:32:58.715Z] [SUCCESS] Page 1 successfully fetched 80 products.
--------------------------------------------------
[2026-05-30T18:32:58.715Z] [FETCH] Page 2 requesting: https://tiendacp.boostpatagonia.online/wp-json/wc/v3/products?per_page=80&page=2&status=publish
--------------------------------------------------
[2026-05-30T18:32:58.718Z] [RESPONSE] Page 2 received. Status: 200 ok: true
--------------------------------------------------
[2026-05-30T18:32:58.724Z] [SUCCESS] Page 2 successfully fetched 80 products.
--------------------------------------------------
[2026-05-30T18:32:58.724Z] [FETCH] Page 3 requesting: https://tiendacp.boostpatagonia.online/wp-json/wc/v3/products?per_page=80&page=3&status=publish
--------------------------------------------------
[2026-05-30T18:32:58.729Z] [RESPONSE] Page 3 received. Status: 200 ok: true
--------------------------------------------------
[2026-05-30T18:32:58.734Z] [SUCCESS] Page 3 successfully fetched 80 products.
--------------------------------------------------
[2026-05-30T18:32:58.734Z] [FETCH] Page 4 requesting: https://tiendacp.boostpatagonia.online/wp-json/wc/v3/products?per_page=80&page=4&status=publish
--------------------------------------------------
[2026-05-30T18:32:58.736Z] [RESPONSE] Page 4 received. Status: 200 ok: true
--------------------------------------------------
[2026-05-30T18:32:58.738Z] [SUCCESS] Page 4 successfully fetched 12 products.
--------------------------------------------------
[2026-05-30T18:32:58.738Z] [FETCH] Page 5 requesting: https://tiendacp.boostpatagonia.online/wp-json/wc/v3/products?per_page=80&page=5&status=publish
--------------------------------------------------
[2026-05-30T18:32:58.740Z] [RESPONSE] Page 5 received. Status: 200 ok: true
--------------------------------------------------
[2026-05-30T18:32:58.742Z] [SUCCESS] Page 5 successfully fetched 0 products.
--------------------------------------------------
[2026-05-30T18:32:58.742Z] [LOOP_BREAK] Stopped product loop at page 5 (no more products or connection failed).
--------------------------------------------------
[2026-05-30T18:32:58.743Z] [COMPLETE] fetchWooCommerceProducts completed. Total real products flattened: 252
--------------------------------------------------
[2026-05-30T18:32:58.746Z] [RENDER] Homepage successfully loaded 274 live products.
--------------------------------------------------
[2026-05-30T18:32:58.756Z] [BACKUP WRITE] Successfully saved offline backup to backup-products.json (252 items)
--------------------------------------------------
[2026-05-30T18:32:58.901Z] [RENDER] Homepage Server Side render initiated.
--------------------------------------------------
[2026-05-30T18:32:58.902Z] [CACHE HIT] Products returned from memory cache (274 products, age: 0s)
--------------------------------------------------
[2026-05-30T18:32:58.910Z] [RENDER] Homepage successfully loaded 274 live products.
--------------------------------------------------
[2026-05-30T18:32:59.034Z] [RENDER] Homepage Server Side render initiated.
--------------------------------------------------
[2026-05-30T18:32:59.035Z] [CACHE HIT] Products returned from memory cache (274 products, age: 0s)
--------------------------------------------------
[2026-05-30T18:32:59.039Z] [RENDER] Homepage successfully loaded 274 live products.
--------------------------------------------------
[2026-05-30T18:32:59.092Z] [RENDER] Homepage Server Side render initiated.
--------------------------------------------------
[2026-05-30T18:32:59.093Z] [CACHE HIT] Products returned from memory cache (274 products, age: 0s)
--------------------------------------------------
[2026-05-30T18:32:59.098Z] [RENDER] Homepage successfully loaded 274 live products.
--------------------------------------------------
[2026-05-30T18:33:02.213Z] [RENDER] Homepage Server Side render initiated.
--------------------------------------------------
[2026-05-30T18:33:02.214Z] [INIT] fetchWooCommerceProducts: WOOCOMMERCE_URL="https://tiendacp.boostpatagonia.online/wp-json/wc/v3", CK=SET, CS=SET
--------------------------------------------------
[2026-05-30T18:33:02.214Z] [FETCH] Page 1 requesting: https://tiendacp.boostpatagonia.online/wp-json/wc/v3/products?per_page=80&page=1&status=publish
--------------------------------------------------
[2026-05-30T18:33:02.281Z] [RESPONSE] Page 1 received. Status: 200 ok: true
--------------------------------------------------
[2026-05-30T18:33:02.297Z] [SUCCESS] Page 1 successfully fetched 80 products.
--------------------------------------------------
[2026-05-30T18:33:02.298Z] [FETCH] Page 2 requesting: https://tiendacp.boostpatagonia.online/wp-json/wc/v3/products?per_page=80&page=2&status=publish
--------------------------------------------------
[2026-05-30T18:33:02.302Z] [RESPONSE] Page 2 received. Status: 200 ok: true
--------------------------------------------------
[2026-05-30T18:33:02.308Z] [SUCCESS] Page 2 successfully fetched 80 products.
--------------------------------------------------
[2026-05-30T18:33:02.309Z] [FETCH] Page 3 requesting: https://tiendacp.boostpatagonia.online/wp-json/wc/v3/products?per_page=80&page=3&status=publish
--------------------------------------------------
[2026-05-30T18:33:02.314Z] [RESPONSE] Page 3 received. Status: 200 ok: true
--------------------------------------------------
[2026-05-30T18:33:02.318Z] [SUCCESS] Page 3 successfully fetched 80 products.
--------------------------------------------------
[2026-05-30T18:33:02.318Z] [FETCH] Page 4 requesting: https://tiendacp.boostpatagonia.online/wp-json/wc/v3/products?per_page=80&page=4&status=publish
--------------------------------------------------
[2026-05-30T18:33:02.320Z] [RESPONSE] Page 4 received. Status: 200 ok: true
--------------------------------------------------
[2026-05-30T18:33:02.322Z] [SUCCESS] Page 4 successfully fetched 12 products.
--------------------------------------------------
[2026-05-30T18:33:02.322Z] [FETCH] Page 5 requesting: https://tiendacp.boostpatagonia.online/wp-json/wc/v3/products?per_page=80&page=5&status=publish
--------------------------------------------------
[2026-05-30T18:33:02.324Z] [RESPONSE] Page 5 received. Status: 200 ok: true
--------------------------------------------------
[2026-05-30T18:33:02.325Z] [SUCCESS] Page 5 successfully fetched 0 products.
--------------------------------------------------
[2026-05-30T18:33:02.325Z] [LOOP_BREAK] Stopped product loop at page 5 (no more products or connection failed).
--------------------------------------------------
[2026-05-30T18:33:02.325Z] [COMPLETE] fetchWooCommerceProducts completed. Total real products flattened: 252
--------------------------------------------------
[2026-05-30T18:33:02.327Z] [RENDER] Homepage successfully loaded 274 live products.
--------------------------------------------------
[2026-05-30T18:33:02.350Z] [BACKUP WRITE] Successfully saved offline backup to backup-products.json (252 items)
--------------------------------------------------
[2026-05-30T18:33:02.457Z] [RENDER] Homepage Server Side render initiated.
--------------------------------------------------
[2026-05-30T18:33:02.458Z] [CACHE HIT] Products returned from memory cache (274 products, age: 0s)
--------------------------------------------------
[2026-05-30T18:33:02.582Z] [RENDER] Homepage successfully loaded 274 live products.
--------------------------------------------------
[2026-05-30T18:33:02.815Z] [RENDER] Homepage Server Side render initiated.
--------------------------------------------------
[2026-05-30T18:33:02.816Z] [CACHE HIT] Products returned from memory cache (274 products, age: 0s)
--------------------------------------------------
[2026-05-30T18:33:02.820Z] [RENDER] Homepage successfully loaded 274 live products.
--------------------------------------------------
[2026-05-30T18:33:02.904Z] [RENDER] Homepage Server Side render initiated.
--------------------------------------------------
[2026-05-30T18:33:02.905Z] [CACHE HIT] Products returned from memory cache (274 products, age: 1s)
--------------------------------------------------
[2026-05-30T18:33:02.910Z] [RENDER] Homepage successfully loaded 274 live products.
--------------------------------------------------
[2026-05-30T18:33:06.694Z] [RENDER] Homepage Server Side render initiated.
--------------------------------------------------
[2026-05-30T18:33:06.694Z] [INIT] fetchWooCommerceProducts: WOOCOMMERCE_URL="https://tiendacp.boostpatagonia.online/wp-json/wc/v3", CK=SET, CS=SET
--------------------------------------------------
[2026-05-30T18:33:06.694Z] [FETCH] Page 1 requesting: https://tiendacp.boostpatagonia.online/wp-json/wc/v3/products?per_page=80&page=1&status=publish
--------------------------------------------------
[2026-05-30T18:33:06.708Z] [RESPONSE] Page 1 received. Status: 200 ok: true
--------------------------------------------------
[2026-05-30T18:33:06.715Z] [SUCCESS] Page 1 successfully fetched 80 products.
--------------------------------------------------
[2026-05-30T18:33:06.716Z] [FETCH] Page 2 requesting: https://tiendacp.boostpatagonia.online/wp-json/wc/v3/products?per_page=80&page=2&status=publish
--------------------------------------------------
[2026-05-30T18:33:06.722Z] [RESPONSE] Page 2 received. Status: 200 ok: true
--------------------------------------------------
[2026-05-30T18:33:06.725Z] [SUCCESS] Page 2 successfully fetched 80 products.
--------------------------------------------------
[2026-05-30T18:33:06.726Z] [FETCH] Page 3 requesting: https://tiendacp.boostpatagonia.online/wp-json/wc/v3/products?per_page=80&page=3&status=publish
--------------------------------------------------
[2026-05-30T18:33:06.749Z] [RESPONSE] Page 3 received. Status: 200 ok: true
--------------------------------------------------
[2026-05-30T18:33:06.752Z] [SUCCESS] Page 3 successfully fetched 80 products.
--------------------------------------------------
[2026-05-30T18:33:06.752Z] [FETCH] Page 4 requesting: https://tiendacp.boostpatagonia.online/wp-json/wc/v3/products?per_page=80&page=4&status=publish
--------------------------------------------------
[2026-05-30T18:33:06.754Z] [RESPONSE] Page 4 received. Status: 200 ok: true
--------------------------------------------------
[2026-05-30T18:33:06.756Z] [SUCCESS] Page 4 successfully fetched 12 products.
--------------------------------------------------
[2026-05-30T18:33:06.756Z] [FETCH] Page 5 requesting: https://tiendacp.boostpatagonia.online/wp-json/wc/v3/products?per_page=80&page=5&status=publish
--------------------------------------------------
[2026-05-30T18:33:06.757Z] [RESPONSE] Page 5 received. Status: 200 ok: true
--------------------------------------------------
[2026-05-30T18:33:06.758Z] [SUCCESS] Page 5 successfully fetched 0 products.
--------------------------------------------------
[2026-05-30T18:33:06.758Z] [LOOP_BREAK] Stopped product loop at page 5 (no more products or connection failed).
--------------------------------------------------
[2026-05-30T18:33:06.758Z] [COMPLETE] fetchWooCommerceProducts completed. Total real products flattened: 252
--------------------------------------------------
[2026-05-30T18:33:06.760Z] [RENDER] Homepage successfully loaded 274 live products.
--------------------------------------------------
[2026-05-30T18:33:06.773Z] [BACKUP WRITE] Successfully saved offline backup to backup-products.json (252 items)
--------------------------------------------------
[2026-05-30T18:33:06.859Z] [RENDER] Homepage Server Side render initiated.
--------------------------------------------------
[2026-05-30T18:33:06.861Z] [CACHE HIT] Products returned from memory cache (274 products, age: 0s)
--------------------------------------------------
[2026-05-30T18:33:06.872Z] [RENDER] Homepage successfully loaded 274 live products.
--------------------------------------------------
[2026-05-30T18:33:06.976Z] [RENDER] Homepage Server Side render initiated.
--------------------------------------------------
[2026-05-30T18:33:06.977Z] [CACHE HIT] Products returned from memory cache (274 products, age: 0s)
--------------------------------------------------
[2026-05-30T18:33:06.980Z] [RENDER] Homepage successfully loaded 274 live products.
--------------------------------------------------
[2026-05-30T18:33:13.519Z] [RENDER] Homepage Server Side render initiated.
--------------------------------------------------
[2026-05-30T18:33:13.521Z] [INIT] fetchWooCommerceProducts: WOOCOMMERCE_URL="https://tiendacp.boostpatagonia.online/wp-json/wc/v3", CK=SET, CS=SET
--------------------------------------------------
[2026-05-30T18:33:13.521Z] [FETCH] Page 1 requesting: https://tiendacp.boostpatagonia.online/wp-json/wc/v3/products?per_page=80&page=1&status=publish
--------------------------------------------------
[2026-05-30T18:33:13.536Z] [RESPONSE] Page 1 received. Status: 200 ok: true
--------------------------------------------------
[2026-05-30T18:33:13.543Z] [SUCCESS] Page 1 successfully fetched 80 products.
--------------------------------------------------
[2026-05-30T18:33:13.543Z] [FETCH] Page 2 requesting: https://tiendacp.boostpatagonia.online/wp-json/wc/v3/products?per_page=80&page=2&status=publish
--------------------------------------------------
[2026-05-30T18:33:13.545Z] [RESPONSE] Page 2 received. Status: 200 ok: true
--------------------------------------------------
[2026-05-30T18:33:13.549Z] [SUCCESS] Page 2 successfully fetched 80 products.
--------------------------------------------------
[2026-05-30T18:33:13.549Z] [FETCH] Page 3 requesting: https://tiendacp.boostpatagonia.online/wp-json/wc/v3/products?per_page=80&page=3&status=publish
--------------------------------------------------
[2026-05-30T18:33:13.552Z] [RESPONSE] Page 3 received. Status: 200 ok: true
--------------------------------------------------
[2026-05-30T18:33:13.567Z] [SUCCESS] Page 3 successfully fetched 80 products.
--------------------------------------------------
[2026-05-30T18:33:13.567Z] [FETCH] Page 4 requesting: https://tiendacp.boostpatagonia.online/wp-json/wc/v3/products?per_page=80&page=4&status=publish
--------------------------------------------------
[2026-05-30T18:33:13.568Z] [RESPONSE] Page 4 received. Status: 200 ok: true
--------------------------------------------------
[2026-05-30T18:33:13.569Z] [SUCCESS] Page 4 successfully fetched 12 products.
--------------------------------------------------
[2026-05-30T18:33:13.569Z] [FETCH] Page 5 requesting: https://tiendacp.boostpatagonia.online/wp-json/wc/v3/products?per_page=80&page=5&status=publish
--------------------------------------------------
[2026-05-30T18:33:13.570Z] [RESPONSE] Page 5 received. Status: 200 ok: true
--------------------------------------------------
[2026-05-30T18:33:13.571Z] [SUCCESS] Page 5 successfully fetched 0 products.
--------------------------------------------------
[2026-05-30T18:33:13.572Z] [LOOP_BREAK] Stopped product loop at page 5 (no more products or connection failed).
--------------------------------------------------
[2026-05-30T18:33:13.572Z] [COMPLETE] fetchWooCommerceProducts completed. Total real products flattened: 252
--------------------------------------------------
[2026-05-30T18:33:13.575Z] [RENDER] Homepage successfully loaded 274 live products.
--------------------------------------------------
[2026-05-30T18:33:13.583Z] [BACKUP WRITE] Successfully saved offline backup to backup-products.json (252 items)
--------------------------------------------------
[2026-05-30T18:33:13.641Z] [RENDER] Homepage Server Side render initiated.
--------------------------------------------------
[2026-05-30T18:33:13.641Z] [CACHE HIT] Products returned from memory cache (274 products, age: 0s)
--------------------------------------------------
[2026-05-30T18:33:13.645Z] [RENDER] Homepage successfully loaded 274 live products.
--------------------------------------------------
[2026-05-30T18:33:20.724Z] [RENDER] Homepage Server Side render initiated.
--------------------------------------------------
[2026-05-30T18:33:20.724Z] [INIT] fetchWooCommerceProducts: WOOCOMMERCE_URL="https://tiendacp.boostpatagonia.online/wp-json/wc/v3", CK=SET, CS=SET
--------------------------------------------------
[2026-05-30T18:33:20.724Z] [FETCH] Page 1 requesting: https://tiendacp.boostpatagonia.online/wp-json/wc/v3/products?per_page=80&page=1&status=publish
--------------------------------------------------
[2026-05-30T18:33:20.734Z] [RESPONSE] Page 1 received. Status: 200 ok: true
--------------------------------------------------
[2026-05-30T18:33:20.739Z] [SUCCESS] Page 1 successfully fetched 80 products.
--------------------------------------------------
[2026-05-30T18:33:20.740Z] [FETCH] Page 2 requesting: https://tiendacp.boostpatagonia.online/wp-json/wc/v3/products?per_page=80&page=2&status=publish
--------------------------------------------------
[2026-05-30T18:33:20.742Z] [RESPONSE] Page 2 received. Status: 200 ok: true
--------------------------------------------------
[2026-05-30T18:33:20.745Z] [SUCCESS] Page 2 successfully fetched 80 products.
--------------------------------------------------
[2026-05-30T18:33:20.745Z] [FETCH] Page 3 requesting: https://tiendacp.boostpatagonia.online/wp-json/wc/v3/products?per_page=80&page=3&status=publish
--------------------------------------------------
[2026-05-30T18:33:20.748Z] [RESPONSE] Page 3 received. Status: 200 ok: true
--------------------------------------------------
[2026-05-30T18:33:20.751Z] [SUCCESS] Page 3 successfully fetched 80 products.
--------------------------------------------------
[2026-05-30T18:33:20.751Z] [FETCH] Page 4 requesting: https://tiendacp.boostpatagonia.online/wp-json/wc/v3/products?per_page=80&page=4&status=publish
--------------------------------------------------
[2026-05-30T18:33:20.752Z] [RESPONSE] Page 4 received. Status: 200 ok: true
--------------------------------------------------
[2026-05-30T18:33:20.753Z] [SUCCESS] Page 4 successfully fetched 12 products.
--------------------------------------------------
[2026-05-30T18:33:20.753Z] [FETCH] Page 5 requesting: https://tiendacp.boostpatagonia.online/wp-json/wc/v3/products?per_page=80&page=5&status=publish
--------------------------------------------------
[2026-05-30T18:33:20.754Z] [RESPONSE] Page 5 received. Status: 200 ok: true
--------------------------------------------------
[2026-05-30T18:33:20.755Z] [SUCCESS] Page 5 successfully fetched 0 products.
--------------------------------------------------
[2026-05-30T18:33:20.755Z] [LOOP_BREAK] Stopped product loop at page 5 (no more products or connection failed).
--------------------------------------------------
[2026-05-30T18:33:20.755Z] [COMPLETE] fetchWooCommerceProducts completed. Total real products flattened: 252
--------------------------------------------------
[2026-05-30T18:33:20.757Z] [RENDER] Homepage successfully loaded 274 live products.
--------------------------------------------------
[2026-05-30T18:33:20.764Z] [BACKUP WRITE] Successfully saved offline backup to backup-products.json (252 items)
--------------------------------------------------
[2026-05-30T18:33:20.810Z] [RENDER] Homepage Server Side render initiated.
--------------------------------------------------
[2026-05-30T18:33:20.810Z] [CACHE HIT] Products returned from memory cache (274 products, age: 0s)
--------------------------------------------------
[2026-05-30T18:33:20.812Z] [RENDER] Homepage successfully loaded 274 live products.
--------------------------------------------------
[2026-05-30T18:33:28.236Z] [RENDER] Homepage Server Side render initiated.
--------------------------------------------------
[2026-05-30T18:33:28.239Z] [INIT] fetchWooCommerceProducts: WOOCOMMERCE_URL="https://tiendacp.boostpatagonia.online/wp-json/wc/v3", CK=SET, CS=SET
--------------------------------------------------
[2026-05-30T18:33:28.240Z] [FETCH] Page 1 requesting: https://tiendacp.boostpatagonia.online/wp-json/wc/v3/products?per_page=80&page=1&status=publish
--------------------------------------------------
[2026-05-30T18:33:28.263Z] [RESPONSE] Page 1 received. Status: 200 ok: true
--------------------------------------------------
[2026-05-30T18:33:28.273Z] [SUCCESS] Page 1 successfully fetched 80 products.
--------------------------------------------------
[2026-05-30T18:33:28.274Z] [FETCH] Page 2 requesting: https://tiendacp.boostpatagonia.online/wp-json/wc/v3/products?per_page=80&page=2&status=publish
--------------------------------------------------
[2026-05-30T18:33:28.278Z] [RESPONSE] Page 2 received. Status: 200 ok: true
--------------------------------------------------
[2026-05-30T18:33:28.282Z] [SUCCESS] Page 2 successfully fetched 80 products.
--------------------------------------------------
[2026-05-30T18:33:28.282Z] [FETCH] Page 3 requesting: https://tiendacp.boostpatagonia.online/wp-json/wc/v3/products?per_page=80&page=3&status=publish
--------------------------------------------------
[2026-05-30T18:33:28.284Z] [RESPONSE] Page 3 received. Status: 200 ok: true
--------------------------------------------------
[2026-05-30T18:33:28.287Z] [SUCCESS] Page 3 successfully fetched 80 products.
--------------------------------------------------
[2026-05-30T18:33:28.287Z] [FETCH] Page 4 requesting: https://tiendacp.boostpatagonia.online/wp-json/wc/v3/products?per_page=80&page=4&status=publish
--------------------------------------------------
[2026-05-30T18:33:28.289Z] [RESPONSE] Page 4 received. Status: 200 ok: true
--------------------------------------------------
[2026-05-30T18:33:28.290Z] [SUCCESS] Page 4 successfully fetched 12 products.
--------------------------------------------------
[2026-05-30T18:33:28.290Z] [FETCH] Page 5 requesting: https://tiendacp.boostpatagonia.online/wp-json/wc/v3/products?per_page=80&page=5&status=publish
--------------------------------------------------
[2026-05-30T18:33:28.291Z] [RESPONSE] Page 5 received. Status: 200 ok: true
--------------------------------------------------
[2026-05-30T18:33:28.291Z] [SUCCESS] Page 5 successfully fetched 0 products.
--------------------------------------------------
[2026-05-30T18:33:28.291Z] [LOOP_BREAK] Stopped product loop at page 5 (no more products or connection failed).
--------------------------------------------------
[2026-05-30T18:33:28.291Z] [COMPLETE] fetchWooCommerceProducts completed. Total real products flattened: 252
--------------------------------------------------
[2026-05-30T18:33:28.296Z] [RENDER] Homepage successfully loaded 252 live products.
--------------------------------------------------
[2026-05-30T18:33:28.305Z] [BACKUP WRITE] Successfully saved offline backup to backup-products.json (252 items)
--------------------------------------------------
[2026-05-30T18:50:54.651Z] [RENDER] Homepage Server Side render initiated.
--------------------------------------------------
[2026-05-30T18:50:54.653Z] [INIT] fetchWooCommerceProducts: WOOCOMMERCE_URL="https://tiendacp.boostpatagonia.online/wp-json/wc/v3", CK=SET, CS=SET
--------------------------------------------------
[2026-05-30T18:50:54.654Z] [FETCH] Page 1 requesting: https://tiendacp.boostpatagonia.online/wp-json/wc/v3/products?per_page=80&page=1&status=publish
--------------------------------------------------
[2026-05-30T18:50:54.670Z] [RESPONSE] Page 1 received. Status: 200 ok: true
--------------------------------------------------
[2026-05-30T18:50:54.677Z] [SUCCESS] Page 1 successfully fetched 80 products.
--------------------------------------------------
[2026-05-30T18:50:54.677Z] [FETCH] Page 2 requesting: https://tiendacp.boostpatagonia.online/wp-json/wc/v3/products?per_page=80&page=2&status=publish
--------------------------------------------------
[2026-05-30T18:50:54.682Z] [RESPONSE] Page 2 received. Status: 200 ok: true
--------------------------------------------------
[2026-05-30T18:50:54.684Z] [SUCCESS] Page 2 successfully fetched 80 products.
--------------------------------------------------
[2026-05-30T18:50:54.684Z] [FETCH] Page 3 requesting: https://tiendacp.boostpatagonia.online/wp-json/wc/v3/products?per_page=80&page=3&status=publish
--------------------------------------------------
[2026-05-30T18:50:54.688Z] [RESPONSE] Page 3 received. Status: 200 ok: true
--------------------------------------------------
[2026-05-30T18:50:54.690Z] [SUCCESS] Page 3 successfully fetched 80 products.
--------------------------------------------------
[2026-05-30T18:50:54.690Z] [FETCH] Page 4 requesting: https://tiendacp.boostpatagonia.online/wp-json/wc/v3/products?per_page=80&page=4&status=publish
--------------------------------------------------
[2026-05-30T18:50:54.692Z] [RESPONSE] Page 4 received. Status: 200 ok: true
--------------------------------------------------
[2026-05-30T18:50:54.693Z] [SUCCESS] Page 4 successfully fetched 12 products.
--------------------------------------------------
[2026-05-30T18:50:54.693Z] [FETCH] Page 5 requesting: https://tiendacp.boostpatagonia.online/wp-json/wc/v3/products?per_page=80&page=5&status=publish
--------------------------------------------------
[2026-05-30T18:50:54.695Z] [RESPONSE] Page 5 received. Status: 200 ok: true
--------------------------------------------------
[2026-05-30T18:50:54.703Z] [SUCCESS] Page 5 successfully fetched 0 products.
--------------------------------------------------
[2026-05-30T18:50:54.703Z] [LOOP_BREAK] Stopped product loop at page 5 (no more products or connection failed).
--------------------------------------------------
[2026-05-30T18:50:54.703Z] [COMPLETE] fetchWooCommerceProducts completed. Total real products flattened: 252
--------------------------------------------------
[2026-05-30T18:50:54.706Z] [RENDER] Homepage successfully loaded 252 live products.
--------------------------------------------------
[2026-05-30T18:50:54.716Z] [BACKUP WRITE] Successfully saved offline backup to backup-products.json (252 items)
--------------------------------------------------
[2026-05-30T18:55:54.856Z] [RENDER] Homepage Server Side render initiated.
--------------------------------------------------
[2026-05-30T18:55:54.858Z] [INIT] fetchWooCommerceProducts: WOOCOMMERCE_URL="https://tiendacp.boostpatagonia.online/wp-json/wc/v3", CK=SET, CS=SET
--------------------------------------------------
[2026-05-30T18:55:54.859Z] [FETCH] Page 1 requesting: https://tiendacp.boostpatagonia.online/wp-json/wc/v3/products?per_page=80&page=1&status=publish
--------------------------------------------------
[2026-05-30T18:55:54.884Z] [RESPONSE] Page 1 received. Status: 200 ok: true
--------------------------------------------------
[2026-05-30T18:55:54.896Z] [SUCCESS] Page 1 successfully fetched 80 products.
--------------------------------------------------
[2026-05-30T18:55:54.896Z] [FETCH] Page 2 requesting: https://tiendacp.boostpatagonia.online/wp-json/wc/v3/products?per_page=80&page=2&status=publish
--------------------------------------------------
[2026-05-30T18:55:54.899Z] [RESPONSE] Page 2 received. Status: 200 ok: true
--------------------------------------------------
[2026-05-30T18:55:54.904Z] [SUCCESS] Page 2 successfully fetched 80 products.
--------------------------------------------------
[2026-05-30T18:55:54.904Z] [FETCH] Page 3 requesting: https://tiendacp.boostpatagonia.online/wp-json/wc/v3/products?per_page=80&page=3&status=publish
--------------------------------------------------
[2026-05-30T18:55:54.906Z] [RESPONSE] Page 3 received. Status: 200 ok: true
--------------------------------------------------
[2026-05-30T18:55:54.914Z] [SUCCESS] Page 3 successfully fetched 80 products.
--------------------------------------------------
[2026-05-30T18:55:54.914Z] [FETCH] Page 4 requesting: https://tiendacp.boostpatagonia.online/wp-json/wc/v3/products?per_page=80&page=4&status=publish
--------------------------------------------------
[2026-05-30T18:55:54.915Z] [RESPONSE] Page 4 received. Status: 200 ok: true
--------------------------------------------------
[2026-05-30T18:55:54.916Z] [SUCCESS] Page 4 successfully fetched 12 products.
--------------------------------------------------
[2026-05-30T18:55:54.916Z] [FETCH] Page 5 requesting: https://tiendacp.boostpatagonia.online/wp-json/wc/v3/products?per_page=80&page=5&status=publish
--------------------------------------------------
[2026-05-30T18:55:54.917Z] [RESPONSE] Page 5 received. Status: 200 ok: true
--------------------------------------------------
[2026-05-30T18:55:54.919Z] [SUCCESS] Page 5 successfully fetched 0 products.
--------------------------------------------------
[2026-05-30T18:55:54.919Z] [LOOP_BREAK] Stopped product loop at page 5 (no more products or connection failed).
--------------------------------------------------
[2026-05-30T18:55:54.920Z] [COMPLETE] fetchWooCommerceProducts completed. Total real products flattened: 252
--------------------------------------------------
[2026-05-30T18:55:54.926Z] [RENDER] Homepage successfully loaded 252 live products.
--------------------------------------------------
[2026-05-30T18:55:54.935Z] [BACKUP WRITE] Successfully saved offline backup to backup-products.json (252 items)
--------------------------------------------------
[2026-05-30T19:03:49.211Z] [RENDER] Homepage Server Side render initiated.
--------------------------------------------------
[2026-05-30T19:03:49.214Z] [INIT] fetchWooCommerceProducts: WOOCOMMERCE_URL="https://tiendacp.boostpatagonia.online/wp-json/wc/v3", CK=SET, CS=SET
--------------------------------------------------
[2026-05-30T19:03:49.214Z] [FETCH] Page 1 requesting: https://tiendacp.boostpatagonia.online/wp-json/wc/v3/products?per_page=80&page=1&status=publish
--------------------------------------------------
[2026-05-30T19:03:49.236Z] [RESPONSE] Page 1 received. Status: 200 ok: true
--------------------------------------------------
[2026-05-30T19:03:49.252Z] [SUCCESS] Page 1 successfully fetched 80 products.
--------------------------------------------------
[2026-05-30T19:03:49.252Z] [FETCH] Page 2 requesting: https://tiendacp.boostpatagonia.online/wp-json/wc/v3/products?per_page=80&page=2&status=publish
--------------------------------------------------
[2026-05-30T19:03:49.264Z] [RESPONSE] Page 2 received. Status: 200 ok: true
--------------------------------------------------
[2026-05-30T19:03:49.270Z] [SUCCESS] Page 2 successfully fetched 80 products.
--------------------------------------------------
[2026-05-30T19:03:49.271Z] [FETCH] Page 3 requesting: https://tiendacp.boostpatagonia.online/wp-json/wc/v3/products?per_page=80&page=3&status=publish
--------------------------------------------------
[2026-05-30T19:03:49.275Z] [RESPONSE] Page 3 received. Status: 200 ok: true
--------------------------------------------------
[2026-05-30T19:03:49.281Z] [SUCCESS] Page 3 successfully fetched 80 products.
--------------------------------------------------
[2026-05-30T19:03:49.282Z] [FETCH] Page 4 requesting: https://tiendacp.boostpatagonia.online/wp-json/wc/v3/products?per_page=80&page=4&status=publish
--------------------------------------------------
[2026-05-30T19:03:49.285Z] [RESPONSE] Page 4 received. Status: 200 ok: true
--------------------------------------------------
[2026-05-30T19:03:49.287Z] [SUCCESS] Page 4 successfully fetched 12 products.
--------------------------------------------------
[2026-05-30T19:03:49.288Z] [FETCH] Page 5 requesting: https://tiendacp.boostpatagonia.online/wp-json/wc/v3/products?per_page=80&page=5&status=publish
--------------------------------------------------
[2026-05-30T19:03:49.289Z] [RESPONSE] Page 5 received. Status: 200 ok: true
--------------------------------------------------
[2026-05-30T19:03:49.291Z] [SUCCESS] Page 5 successfully fetched 0 products.
--------------------------------------------------
[2026-05-30T19:03:49.292Z] [LOOP_BREAK] Stopped product loop at page 5 (no more products or connection failed).
--------------------------------------------------
[2026-05-30T19:03:49.292Z] [COMPLETE] fetchWooCommerceProducts completed. Total real products flattened: 252
--------------------------------------------------
[2026-05-30T19:03:49.296Z] [RENDER] Homepage successfully loaded 252 live products.
--------------------------------------------------
[2026-05-30T19:03:49.307Z] [BACKUP WRITE] Successfully saved offline backup to backup-products.json (252 items)
--------------------------------------------------
[2026-05-30T19:03:49.581Z] [RENDER] Homepage Server Side render initiated.
--------------------------------------------------
[2026-05-30T19:03:49.581Z] [INIT] fetchWooCommerceProducts: WOOCOMMERCE_URL="https://tiendacp.boostpatagonia.online/wp-json/wc/v3", CK=SET, CS=SET
--------------------------------------------------
[2026-05-30T19:03:49.581Z] [FETCH] Page 1 requesting: https://tiendacp.boostpatagonia.online/wp-json/wc/v3/products?per_page=80&page=1&status=publish
--------------------------------------------------
[2026-05-30T19:03:49.588Z] [RESPONSE] Page 1 received. Status: 200 ok: true
--------------------------------------------------
[2026-05-30T19:03:49.593Z] [SUCCESS] Page 1 successfully fetched 80 products.
--------------------------------------------------
[2026-05-30T19:03:49.593Z] [FETCH] Page 2 requesting: https://tiendacp.boostpatagonia.online/wp-json/wc/v3/products?per_page=80&page=2&status=publish
--------------------------------------------------
[2026-05-30T19:03:49.595Z] [RESPONSE] Page 2 received. Status: 200 ok: true
--------------------------------------------------
[2026-05-30T19:03:49.602Z] [SUCCESS] Page 2 successfully fetched 80 products.
--------------------------------------------------
[2026-05-30T19:03:49.602Z] [FETCH] Page 3 requesting: https://tiendacp.boostpatagonia.online/wp-json/wc/v3/products?per_page=80&page=3&status=publish
--------------------------------------------------
[2026-05-30T19:03:49.608Z] [RESPONSE] Page 3 received. Status: 200 ok: true
--------------------------------------------------
[2026-05-30T19:03:49.617Z] [SUCCESS] Page 3 successfully fetched 80 products.
--------------------------------------------------
[2026-05-30T19:03:49.618Z] [FETCH] Page 4 requesting: https://tiendacp.boostpatagonia.online/wp-json/wc/v3/products?per_page=80&page=4&status=publish
--------------------------------------------------
[2026-05-30T19:03:49.620Z] [RESPONSE] Page 4 received. Status: 200 ok: true
--------------------------------------------------
[2026-05-30T19:03:49.624Z] [SUCCESS] Page 4 successfully fetched 12 products.
--------------------------------------------------
[2026-05-30T19:03:49.625Z] [FETCH] Page 5 requesting: https://tiendacp.boostpatagonia.online/wp-json/wc/v3/products?per_page=80&page=5&status=publish
--------------------------------------------------
[2026-05-30T19:03:49.627Z] [RESPONSE] Page 5 received. Status: 200 ok: true
--------------------------------------------------
[2026-05-30T19:03:49.629Z] [SUCCESS] Page 5 successfully fetched 0 products.
--------------------------------------------------
[2026-05-30T19:03:49.630Z] [LOOP_BREAK] Stopped product loop at page 5 (no more products or connection failed).
--------------------------------------------------
[2026-05-30T19:03:49.630Z] [COMPLETE] fetchWooCommerceProducts completed. Total real products flattened: 252
--------------------------------------------------
[2026-05-30T19:03:49.632Z] [RENDER] Homepage successfully loaded 252 live products.
--------------------------------------------------
[2026-05-30T19:03:49.645Z] [BACKUP WRITE] Successfully saved offline backup to backup-products.json (252 items)
--------------------------------------------------
[2026-05-30T19:03:49.716Z] [RENDER] Homepage Server Side render initiated.
--------------------------------------------------
[2026-05-30T19:03:49.717Z] [CACHE HIT] Products returned from memory cache (252 products, age: 0s)
--------------------------------------------------
[2026-05-30T19:03:49.719Z] [RENDER] Homepage successfully loaded 252 live products.
--------------------------------------------------
[2026-05-30T19:03:49.761Z] [RENDER] Homepage Server Side render initiated.
--------------------------------------------------
[2026-05-30T19:03:49.761Z] [CACHE HIT] Products returned from memory cache (252 products, age: 0s)
--------------------------------------------------
[2026-05-30T19:03:49.764Z] [RENDER] Homepage successfully loaded 252 live products.
--------------------------------------------------
[2026-05-30T19:03:49.807Z] [RENDER] Homepage Server Side render initiated.
--------------------------------------------------
[2026-05-30T19:03:49.807Z] [CACHE HIT] Products returned from memory cache (252 products, age: 0s)
--------------------------------------------------
[2026-05-30T19:03:49.810Z] [RENDER] Homepage successfully loaded 252 live products.
--------------------------------------------------
[2026-05-30T19:03:49.850Z] [RENDER] Homepage Server Side render initiated.
--------------------------------------------------
[2026-05-30T19:03:49.850Z] [CACHE HIT] Products returned from memory cache (252 products, age: 0s)
--------------------------------------------------
[2026-05-30T19:03:49.852Z] [RENDER] Homepage successfully loaded 252 live products.
--------------------------------------------------
[2026-05-30T19:03:49.947Z] [RENDER] Homepage Server Side render initiated.
--------------------------------------------------
[2026-05-30T19:03:49.948Z] [CACHE HIT] Products returned from memory cache (252 products, age: 0s)
--------------------------------------------------
[2026-05-30T19:03:49.960Z] [RENDER] Homepage successfully loaded 252 live products.
--------------------------------------------------
[2026-05-30T19:03:50.178Z] [RENDER] Homepage Server Side render initiated.
--------------------------------------------------
[2026-05-30T19:03:50.179Z] [CACHE HIT] Products returned from memory cache (252 products, age: 1s)
--------------------------------------------------
[2026-05-30T19:03:50.189Z] [RENDER] Homepage successfully loaded 252 live products.
--------------------------------------------------
[2026-05-30T19:03:50.623Z] [RENDER] Homepage Server Side render initiated.
--------------------------------------------------
[2026-05-30T19:03:50.626Z] [CACHE HIT] Products returned from memory cache (252 products, age: 1s)
--------------------------------------------------
[2026-05-30T19:03:50.634Z] [RENDER] Homepage successfully loaded 252 live products.
--------------------------------------------------
[2026-05-30T19:03:50.734Z] [RENDER] Homepage Server Side render initiated.
--------------------------------------------------
[2026-05-30T19:03:50.734Z] [CACHE HIT] Products returned from memory cache (252 products, age: 1s)
--------------------------------------------------
[2026-05-30T19:03:50.739Z] [RENDER] Homepage successfully loaded 252 live products.
--------------------------------------------------
[2026-05-30T19:03:50.789Z] [RENDER] Homepage Server Side render initiated.
--------------------------------------------------
[2026-05-30T19:03:50.790Z] [CACHE HIT] Products returned from memory cache (252 products, age: 1s)
--------------------------------------------------
[2026-05-30T19:03:50.793Z] [RENDER] Homepage successfully loaded 252 live products.
--------------------------------------------------
[2026-05-30T19:03:50.866Z] [RENDER] Homepage Server Side render initiated.
--------------------------------------------------
[2026-05-30T19:03:50.866Z] [CACHE HIT] Products returned from memory cache (252 products, age: 1s)
--------------------------------------------------
[2026-05-30T19:03:50.872Z] [RENDER] Homepage successfully loaded 252 live products.
--------------------------------------------------
[2026-05-30T19:03:50.945Z] [RENDER] Homepage Server Side render initiated.
--------------------------------------------------
[2026-05-30T19:03:50.946Z] [CACHE HIT] Products returned from memory cache (252 products, age: 1s)
--------------------------------------------------
[2026-05-30T19:03:50.949Z] [RENDER] Homepage successfully loaded 252 live products.
--------------------------------------------------
[2026-05-30T19:03:51.001Z] [RENDER] Homepage Server Side render initiated.
--------------------------------------------------
[2026-05-30T19:03:51.001Z] [CACHE HIT] Products returned from memory cache (252 products, age: 1s)
--------------------------------------------------
[2026-05-30T19:03:51.003Z] [RENDER] Homepage successfully loaded 252 live products.
--------------------------------------------------
[2026-05-30T19:03:51.100Z] [RENDER] Homepage Server Side render initiated.
--------------------------------------------------
[2026-05-30T19:03:51.101Z] [CACHE HIT] Products returned from memory cache (252 products, age: 1s)
--------------------------------------------------
[2026-05-30T19:03:51.105Z] [RENDER] Homepage successfully loaded 252 live products.
--------------------------------------------------
[2026-05-30T19:03:51.288Z] [RENDER] Homepage Server Side render initiated.
--------------------------------------------------
[2026-05-30T19:03:51.288Z] [CACHE HIT] Products returned from memory cache (252 products, age: 2s)
--------------------------------------------------
[2026-05-30T19:03:51.294Z] [RENDER] Homepage successfully loaded 252 live products.
--------------------------------------------------
[2026-05-30T19:03:51.383Z] [RENDER] Homepage Server Side render initiated.
--------------------------------------------------
[2026-05-30T19:03:51.383Z] [CACHE HIT] Products returned from memory cache (252 products, age: 2s)
--------------------------------------------------
[2026-05-30T19:03:51.386Z] [RENDER] Homepage successfully loaded 252 live products.
--------------------------------------------------
[2026-05-30T19:03:51.463Z] [RENDER] Homepage Server Side render initiated.
--------------------------------------------------
[2026-05-30T19:03:51.464Z] [CACHE HIT] Products returned from memory cache (252 products, age: 2s)
--------------------------------------------------
[2026-05-30T19:03:51.466Z] [RENDER] Homepage successfully loaded 252 live products.
--------------------------------------------------
[2026-05-30T19:03:51.511Z] [RENDER] Homepage Server Side render initiated.
--------------------------------------------------
[2026-05-30T19:03:51.512Z] [CACHE HIT] Products returned from memory cache (252 products, age: 2s)
--------------------------------------------------
[2026-05-30T19:03:51.515Z] [RENDER] Homepage successfully loaded 252 live products.
--------------------------------------------------
[2026-05-30T19:03:51.564Z] [RENDER] Homepage Server Side render initiated.
--------------------------------------------------
[2026-05-30T19:03:51.564Z] [CACHE HIT] Products returned from memory cache (252 products, age: 2s)
--------------------------------------------------
[2026-05-30T19:03:51.568Z] [RENDER] Homepage successfully loaded 252 live products.
--------------------------------------------------
[2026-05-30T19:03:51.612Z] [RENDER] Homepage Server Side render initiated.
--------------------------------------------------
[2026-05-30T19:03:51.613Z] [CACHE HIT] Products returned from memory cache (252 products, age: 2s)
--------------------------------------------------
[2026-05-30T19:03:51.615Z] [RENDER] Homepage successfully loaded 252 live products.
--------------------------------------------------
[2026-05-30T19:03:51.676Z] [RENDER] Homepage Server Side render initiated.
--------------------------------------------------
[2026-05-30T19:03:51.677Z] [CACHE HIT] Products returned from memory cache (252 products, age: 2s)
--------------------------------------------------
[2026-05-30T19:03:51.680Z] [RENDER] Homepage successfully loaded 252 live products.
--------------------------------------------------
[2026-05-30T19:03:51.732Z] [RENDER] Homepage Server Side render initiated.
--------------------------------------------------
[2026-05-30T19:03:51.733Z] [CACHE HIT] Products returned from memory cache (252 products, age: 2s)
--------------------------------------------------
[2026-05-30T19:03:51.736Z] [RENDER] Homepage successfully loaded 252 live products.
--------------------------------------------------
[2026-05-30T19:03:51.778Z] [RENDER] Homepage Server Side render initiated.
--------------------------------------------------
[2026-05-30T19:03:51.779Z] [CACHE HIT] Products returned from memory cache (252 products, age: 2s)
--------------------------------------------------
[2026-05-30T19:03:51.781Z] [RENDER] Homepage successfully loaded 252 live products.
--------------------------------------------------
[2026-05-30T19:03:51.823Z] [RENDER] Homepage Server Side render initiated.
--------------------------------------------------
[2026-05-30T19:03:51.823Z] [CACHE HIT] Products returned from memory cache (252 products, age: 2s)
--------------------------------------------------
[2026-05-30T19:03:51.827Z] [RENDER] Homepage successfully loaded 252 live products.
--------------------------------------------------
[2026-05-30T19:03:51.904Z] [RENDER] Homepage Server Side render initiated.
--------------------------------------------------
[2026-05-30T19:03:51.905Z] [CACHE HIT] Products returned from memory cache (252 products, age: 2s)
--------------------------------------------------
[2026-05-30T19:03:51.912Z] [RENDER] Homepage successfully loaded 252 live products.
--------------------------------------------------
[2026-05-30T19:03:51.993Z] [RENDER] Homepage Server Side render initiated.
--------------------------------------------------
[2026-05-30T19:03:51.994Z] [CACHE HIT] Products returned from memory cache (252 products, age: 2s)
--------------------------------------------------
[2026-05-30T19:03:51.997Z] [RENDER] Homepage successfully loaded 252 live products.
--------------------------------------------------
[2026-05-30T19:03:52.059Z] [RENDER] Homepage Server Side render initiated.
--------------------------------------------------
[2026-05-30T19:03:52.059Z] [CACHE HIT] Products returned from memory cache (252 products, age: 2s)
--------------------------------------------------
[2026-05-30T19:03:52.062Z] [RENDER] Homepage successfully loaded 252 live products.
--------------------------------------------------
[2026-05-30T19:03:52.124Z] [RENDER] Homepage Server Side render initiated.
--------------------------------------------------
[2026-05-30T19:03:52.124Z] [CACHE HIT] Products returned from memory cache (252 products, age: 2s)
--------------------------------------------------
[2026-05-30T19:03:52.127Z] [RENDER] Homepage successfully loaded 252 live products.
--------------------------------------------------
[2026-05-30T19:03:52.176Z] [RENDER] Homepage Server Side render initiated.
--------------------------------------------------
[2026-05-30T19:03:52.177Z] [CACHE HIT] Products returned from memory cache (252 products, age: 3s)
--------------------------------------------------
[2026-05-30T19:03:52.180Z] [RENDER] Homepage successfully loaded 252 live products.
--------------------------------------------------
[2026-05-30T19:03:52.226Z] [RENDER] Homepage Server Side render initiated.
--------------------------------------------------
[2026-05-30T19:03:52.227Z] [CACHE HIT] Products returned from memory cache (252 products, age: 3s)
--------------------------------------------------
[2026-05-30T19:03:52.231Z] [RENDER] Homepage successfully loaded 252 live products.
--------------------------------------------------
[2026-05-30T19:03:52.272Z] [RENDER] Homepage Server Side render initiated.
--------------------------------------------------
[2026-05-30T19:03:52.273Z] [CACHE HIT] Products returned from memory cache (252 products, age: 3s)
--------------------------------------------------
[2026-05-30T19:03:52.276Z] [RENDER] Homepage successfully loaded 252 live products.
--------------------------------------------------
[2026-05-30T19:06:06.681Z] [RENDER] Homepage Server Side render initiated.
--------------------------------------------------
[2026-05-30T19:06:06.682Z] [CACHE HIT] Products returned from memory cache (252 products, age: 137s)
--------------------------------------------------
[2026-05-30T19:06:06.685Z] [RENDER] Homepage successfully loaded 252 live products.
--------------------------------------------------
[2026-05-30T19:11:45.386Z] [RENDER] Homepage Server Side render initiated.
--------------------------------------------------
[2026-05-30T19:11:45.389Z] [INIT] fetchWooCommerceProducts: WOOCOMMERCE_URL="https://tiendacp.boostpatagonia.online/wp-json/wc/v3", CK=SET, CS=SET
--------------------------------------------------
[2026-05-30T19:11:45.389Z] [FETCH] Page 1 requesting: https://tiendacp.boostpatagonia.online/wp-json/wc/v3/products?per_page=80&page=1&status=publish
--------------------------------------------------
[2026-05-30T19:11:45.401Z] [RESPONSE] Page 1 received. Status: 200 ok: true
--------------------------------------------------
[2026-05-30T19:11:45.412Z] [SUCCESS] Page 1 successfully fetched 80 products.
--------------------------------------------------
[2026-05-30T19:11:45.413Z] [FETCH] Page 2 requesting: https://tiendacp.boostpatagonia.online/wp-json/wc/v3/products?per_page=80&page=2&status=publish
--------------------------------------------------
[2026-05-30T19:11:45.415Z] [RESPONSE] Page 2 received. Status: 200 ok: true
--------------------------------------------------
[2026-05-30T19:11:45.418Z] [SUCCESS] Page 2 successfully fetched 80 products.
--------------------------------------------------
[2026-05-30T19:11:45.418Z] [FETCH] Page 3 requesting: https://tiendacp.boostpatagonia.online/wp-json/wc/v3/products?per_page=80&page=3&status=publish
--------------------------------------------------
[2026-05-30T19:11:45.420Z] [RESPONSE] Page 3 received. Status: 200 ok: true
--------------------------------------------------
[2026-05-30T19:11:45.436Z] [SUCCESS] Page 3 successfully fetched 80 products.
--------------------------------------------------
[2026-05-30T19:11:45.436Z] [FETCH] Page 4 requesting: https://tiendacp.boostpatagonia.online/wp-json/wc/v3/products?per_page=80&page=4&status=publish
--------------------------------------------------
[2026-05-30T19:11:45.437Z] [RESPONSE] Page 4 received. Status: 200 ok: true
--------------------------------------------------
[2026-05-30T19:11:45.438Z] [SUCCESS] Page 4 successfully fetched 12 products.
--------------------------------------------------
[2026-05-30T19:11:45.438Z] [FETCH] Page 5 requesting: https://tiendacp.boostpatagonia.online/wp-json/wc/v3/products?per_page=80&page=5&status=publish
--------------------------------------------------
[2026-05-30T19:11:45.439Z] [RESPONSE] Page 5 received. Status: 200 ok: true
--------------------------------------------------
[2026-05-30T19:11:45.440Z] [SUCCESS] Page 5 successfully fetched 0 products.
--------------------------------------------------
[2026-05-30T19:11:45.440Z] [LOOP_BREAK] Stopped product loop at page 5 (no more products or connection failed).
--------------------------------------------------
[2026-05-30T19:11:45.440Z] [COMPLETE] fetchWooCommerceProducts completed. Total real products flattened: 252
--------------------------------------------------
[2026-05-30T19:11:45.443Z] [RENDER] Homepage successfully loaded 252 live products.
--------------------------------------------------
[2026-05-30T19:11:45.453Z] [BACKUP WRITE] Successfully saved offline backup to backup-products.json (252 items)
--------------------------------------------------
[2026-05-30T19:12:00.226Z] [RENDER] Homepage Server Side render initiated.
--------------------------------------------------
[2026-05-30T19:12:00.227Z] [INIT] fetchWooCommerceProducts: WOOCOMMERCE_URL="https://tiendacp.boostpatagonia.online/wp-json/wc/v3", CK=SET, CS=SET
--------------------------------------------------
[2026-05-30T19:12:00.227Z] [FETCH] Page 1 requesting: https://tiendacp.boostpatagonia.online/wp-json/wc/v3/products?per_page=80&page=1&status=publish
--------------------------------------------------
[2026-05-30T19:12:00.250Z] [RESPONSE] Page 1 received. Status: 200 ok: true
--------------------------------------------------
[2026-05-30T19:12:00.258Z] [SUCCESS] Page 1 successfully fetched 80 products.
--------------------------------------------------
[2026-05-30T19:12:00.259Z] [FETCH] Page 2 requesting: https://tiendacp.boostpatagonia.online/wp-json/wc/v3/products?per_page=80&page=2&status=publish
--------------------------------------------------
[2026-05-30T19:12:00.265Z] [RESPONSE] Page 2 received. Status: 200 ok: true
--------------------------------------------------
[2026-05-30T19:12:00.267Z] [SUCCESS] Page 2 successfully fetched 80 products.
--------------------------------------------------
[2026-05-30T19:12:00.268Z] [FETCH] Page 3 requesting: https://tiendacp.boostpatagonia.online/wp-json/wc/v3/products?per_page=80&page=3&status=publish
--------------------------------------------------
[2026-05-30T19:12:00.271Z] [RESPONSE] Page 3 received. Status: 200 ok: true
--------------------------------------------------
[2026-05-30T19:12:00.276Z] [SUCCESS] Page 3 successfully fetched 80 products.
--------------------------------------------------
[2026-05-30T19:12:00.276Z] [FETCH] Page 4 requesting: https://tiendacp.boostpatagonia.online/wp-json/wc/v3/products?per_page=80&page=4&status=publish
--------------------------------------------------
[2026-05-30T19:12:00.278Z] [RESPONSE] Page 4 received. Status: 200 ok: true
--------------------------------------------------
[2026-05-30T19:12:00.279Z] [SUCCESS] Page 4 successfully fetched 12 products.
--------------------------------------------------
[2026-05-30T19:12:00.279Z] [FETCH] Page 5 requesting: https://tiendacp.boostpatagonia.online/wp-json/wc/v3/products?per_page=80&page=5&status=publish
--------------------------------------------------
[2026-05-30T19:12:00.280Z] [RESPONSE] Page 5 received. Status: 200 ok: true
--------------------------------------------------
[2026-05-30T19:12:00.281Z] [SUCCESS] Page 5 successfully fetched 0 products.
--------------------------------------------------
[2026-05-30T19:12:00.281Z] [LOOP_BREAK] Stopped product loop at page 5 (no more products or connection failed).
--------------------------------------------------
[2026-05-30T19:12:00.281Z] [COMPLETE] fetchWooCommerceProducts completed. Total real products flattened: 252
--------------------------------------------------
[2026-05-30T19:12:00.285Z] [RENDER] Homepage successfully loaded 252 live products.
--------------------------------------------------
[2026-05-30T19:12:00.298Z] [BACKUP WRITE] Successfully saved offline backup to backup-products.json (252 items)
--------------------------------------------------
[2026-05-30T19:28:53.787Z] [RENDER] Homepage Server Side render initiated.
--------------------------------------------------
[2026-05-30T19:28:53.788Z] [INIT] fetchWooCommerceProducts: WOOCOMMERCE_URL="https://tiendacp.boostpatagonia.online/wp-json/wc/v3", CK=SET, CS=SET
--------------------------------------------------
[2026-05-30T19:28:53.788Z] [FETCH] Page 1 requesting: https://tiendacp.boostpatagonia.online/wp-json/wc/v3/products?per_page=80&page=1&status=publish
--------------------------------------------------
[2026-05-30T19:28:53.965Z] [RETRY ERROR] Attempt 1/3 failed: fetch failed
--------------------------------------------------
[2026-05-30T19:28:54.465Z] [RETRY] Attempt 2/3 for request: https://tiendacp.boostpatagonia.online/wp-json/wc/v3/products?per_page=80&page=1&status=publish
--------------------------------------------------
[2026-05-30T19:28:54.476Z] [RETRY ERROR] Attempt 2/3 failed: fetch failed
--------------------------------------------------
[2026-05-30T19:28:55.479Z] [RETRY] Attempt 3/3 for request: https://tiendacp.boostpatagonia.online/wp-json/wc/v3/products?per_page=80&page=1&status=publish
--------------------------------------------------
[2026-05-30T19:28:55.490Z] [RETRY ERROR] Attempt 3/3 failed: fetch failed
--------------------------------------------------
[2026-05-30T19:28:55.490Z] [EXCEPTION] Page 1 failed after retries: fetch failed
  Error Name: TypeError
  Error Message: fetch failed
  Stack: TypeError: fetch failed
    at node:internal/deps/undici/undici:13510:13
    at process.processTicksAndRejections (node:internal/process/task_queues:105:5)
    at async fetchWithRetry (/Users/patagoniacoach/.gemini/antigravity-ide/scratch/COMERCIAL_PATAGONIA/comercial-de-la-patagonia/.next/dev/server/chunks/ssr/[root-of-the-server]__0qr1jm2._.js:207:30)
    at async fetchPage (/Users/patagoniacoach/.gemini/antigravity-ide/scratch/COMERCIAL_PATAGONIA/comercial-de-la-patagonia/.next/dev/server/chunks/ssr/[root-of-the-server]__0qr1jm2._.js:404:34)
    at async _fetchProductsFromAPI (/Users/patagoniacoach/.gemini/antigravity-ide/scratch/COMERCIAL_PATAGONIA/comercial-de-la-patagonia/.next/dev/server/chunks/ssr/[root-of-the-server]__0qr1jm2._.js:436:30)
    at async fetchWooCommerceProducts (/Users/patagoniacoach/.gemini/antigravity-ide/scratch/COMERCIAL_PATAGONIA/comercial-de-la-patagonia/.next/dev/server/chunks/ssr/[root-of-the-server]__0qr1jm2._.js:374:24)
    at async Page (/Users/patagoniacoach/.gemini/antigravity-ide/scratch/COMERCIAL_PATAGONIA/comercial-de-la-patagonia/.next/dev/server/chunks/ssr/[root-of-the-server]__0qr1jm2._.js:555:33)
--------------------------------------------------
[2026-05-30T19:28:55.490Z] [LOOP_BREAK] Stopped product loop at page 1 (no more products or connection failed).
--------------------------------------------------
[2026-05-30T19:28:55.490Z] [FALLBACK] No products could be retrieved. Loading offline static backup...
--------------------------------------------------
[2026-05-30T19:28:55.492Z] [RENDER] Homepage loaded empty product list due to empty WooCommerce request.
--------------------------------------------------
[2026-05-30T19:33:32.959Z] [RENDER] Homepage Server Side render initiated.
--------------------------------------------------
[2026-05-30T19:33:32.960Z] [CACHE HIT] Products returned from memory cache (0 products, age: 277s)
--------------------------------------------------
[2026-05-30T19:33:32.967Z] [RENDER] Homepage loaded empty product list due to empty WooCommerce request.
--------------------------------------------------
[2026-05-30T19:33:38.057Z] [RENDER] Homepage Server Side render initiated.
--------------------------------------------------
[2026-05-30T19:33:38.058Z] [CACHE HIT] Products returned from memory cache (0 products, age: 283s)
--------------------------------------------------
[2026-05-30T19:33:38.064Z] [RENDER] Homepage loaded empty product list due to empty WooCommerce request.
--------------------------------------------------
[2026-05-30T19:34:13.809Z] [RENDER] Homepage Server Side render initiated.
--------------------------------------------------
[2026-05-30T19:34:13.809Z] [INIT] fetchWooCommerceProducts: WOOCOMMERCE_URL="https://tiendacp.boostpatagonia.online/wp-json/wc/v3", CK=SET, CS=SET
--------------------------------------------------
[2026-05-30T19:34:13.809Z] [FETCH] Page 1 requesting: https://tiendacp.boostpatagonia.online/wp-json/wc/v3/products?per_page=80&page=1&status=publish
--------------------------------------------------
[2026-05-30T19:34:13.860Z] [RETRY ERROR] Attempt 1/3 failed: fetch failed
--------------------------------------------------
[2026-05-30T19:34:14.361Z] [RETRY] Attempt 2/3 for request: https://tiendacp.boostpatagonia.online/wp-json/wc/v3/products?per_page=80&page=1&status=publish
--------------------------------------------------
[2026-05-30T19:34:14.370Z] [RETRY ERROR] Attempt 2/3 failed: fetch failed
--------------------------------------------------
[2026-05-30T19:34:15.373Z] [RETRY] Attempt 3/3 for request: https://tiendacp.boostpatagonia.online/wp-json/wc/v3/products?per_page=80&page=1&status=publish
--------------------------------------------------
[2026-05-30T19:34:15.380Z] [RETRY ERROR] Attempt 3/3 failed: fetch failed
--------------------------------------------------
[2026-05-30T19:34:15.380Z] [EXCEPTION] Page 1 failed after retries: fetch failed
  Error Name: TypeError
  Error Message: fetch failed
  Stack: TypeError: fetch failed
    at node:internal/deps/undici/undici:13510:13
    at process.processTicksAndRejections (node:internal/process/task_queues:105:5)
    at async fetchWithRetry (/Users/patagoniacoach/.gemini/antigravity-ide/scratch/COMERCIAL_PATAGONIA/comercial-de-la-patagonia/.next/dev/server/chunks/ssr/[root-of-the-server]__0qr1jm2._.js:207:30)
    at async fetchPage (/Users/patagoniacoach/.gemini/antigravity-ide/scratch/COMERCIAL_PATAGONIA/comercial-de-la-patagonia/.next/dev/server/chunks/ssr/[root-of-the-server]__0qr1jm2._.js:404:34)
    at async _fetchProductsFromAPI (/Users/patagoniacoach/.gemini/antigravity-ide/scratch/COMERCIAL_PATAGONIA/comercial-de-la-patagonia/.next/dev/server/chunks/ssr/[root-of-the-server]__0qr1jm2._.js:436:30)
    at async fetchWooCommerceProducts (/Users/patagoniacoach/.gemini/antigravity-ide/scratch/COMERCIAL_PATAGONIA/comercial-de-la-patagonia/.next/dev/server/chunks/ssr/[root-of-the-server]__0qr1jm2._.js:374:24)
    at async Page (/Users/patagoniacoach/.gemini/antigravity-ide/scratch/COMERCIAL_PATAGONIA/comercial-de-la-patagonia/.next/dev/server/chunks/ssr/[root-of-the-server]__0qr1jm2._.js:555:33)
--------------------------------------------------
[2026-05-30T19:34:15.380Z] [LOOP_BREAK] Stopped product loop at page 1 (no more products or connection failed).
--------------------------------------------------
[2026-05-30T19:34:15.381Z] [FALLBACK] No products could be retrieved. Loading offline static backup...
--------------------------------------------------
[2026-05-30T19:34:15.381Z] [RENDER] Homepage loaded empty product list due to empty WooCommerce request.
--------------------------------------------------
[2026-05-30T19:35:45.651Z] [RENDER] Homepage Server Side render initiated.
--------------------------------------------------
[2026-05-30T19:35:45.653Z] [INIT] fetchWooCommerceProducts: WOOCOMMERCE_URL="https://tiendacp.boostpatagonia.online/wp-json/wc/v3", CK=SET, CS=SET
--------------------------------------------------
[2026-05-30T19:35:45.653Z] [FETCH] Page 1 requesting: https://tiendacp.boostpatagonia.online/wp-json/wc/v3/products?per_page=80&page=1&status=publish
--------------------------------------------------
[2026-05-30T19:35:47.549Z] [RESPONSE] Page 1 received. Status: 200 ok: true
--------------------------------------------------
[2026-05-30T19:35:48.730Z] [SUCCESS] Page 1 successfully fetched 80 products.
--------------------------------------------------
[2026-05-30T19:35:48.730Z] [FETCH] Page 2 requesting: https://tiendacp.boostpatagonia.online/wp-json/wc/v3/products?per_page=80&page=2&status=publish
--------------------------------------------------
[2026-05-30T19:35:49.562Z] [RESPONSE] Page 2 received. Status: 200 ok: true
--------------------------------------------------
[2026-05-30T19:35:49.765Z] [SUCCESS] Page 2 successfully fetched 80 products.
--------------------------------------------------
[2026-05-30T19:35:49.766Z] [FETCH] Page 3 requesting: https://tiendacp.boostpatagonia.online/wp-json/wc/v3/products?per_page=80&page=3&status=publish
--------------------------------------------------
[2026-05-30T19:35:50.606Z] [RESPONSE] Page 3 received. Status: 200 ok: true
--------------------------------------------------
[2026-05-30T19:35:50.671Z] [SUCCESS] Page 3 successfully fetched 80 products.
--------------------------------------------------
[2026-05-30T19:35:50.671Z] [FETCH] Page 4 requesting: https://tiendacp.boostpatagonia.online/wp-json/wc/v3/products?per_page=80&page=4&status=publish
--------------------------------------------------
[2026-05-30T19:35:51.146Z] [RESPONSE] Page 4 received. Status: 200 ok: true
--------------------------------------------------
[2026-05-30T19:35:51.156Z] [SUCCESS] Page 4 successfully fetched 12 products.
--------------------------------------------------
[2026-05-30T19:35:51.157Z] [FETCH] Page 5 requesting: https://tiendacp.boostpatagonia.online/wp-json/wc/v3/products?per_page=80&page=5&status=publish
--------------------------------------------------
[2026-05-30T19:35:51.614Z] [RESPONSE] Page 5 received. Status: 200 ok: true
--------------------------------------------------
[2026-05-30T19:35:51.617Z] [SUCCESS] Page 5 successfully fetched 0 products.
--------------------------------------------------
[2026-05-30T19:35:51.617Z] [LOOP_BREAK] Stopped product loop at page 5 (no more products or connection failed).
--------------------------------------------------
[2026-05-30T19:35:51.617Z] [COMPLETE] fetchWooCommerceProducts completed. Total real products flattened: 252
--------------------------------------------------
[2026-05-30T19:35:51.643Z] [RENDER] Homepage successfully loaded 252 live products.
--------------------------------------------------
[2026-05-30T19:35:51.660Z] [BACKUP WRITE] Successfully saved offline backup to backup-products.json (252 items)
--------------------------------------------------
[2026-05-30T19:35:52.473Z] [RENDER] Homepage Server Side render initiated.
--------------------------------------------------
[2026-05-30T19:35:52.474Z] [CACHE HIT] Products returned from memory cache (252 products, age: 1s)
--------------------------------------------------
[2026-05-30T19:35:52.484Z] [RENDER] Homepage successfully loaded 252 live products.
--------------------------------------------------
[2026-05-30T19:36:47.915Z] [RENDER] Homepage Server Side render initiated.
--------------------------------------------------
[2026-05-30T19:36:47.917Z] [INIT] fetchWooCommerceProducts: WOOCOMMERCE_URL="https://tiendacp.boostpatagonia.online/wp-json/wc/v3", CK=SET, CS=SET
--------------------------------------------------
[2026-05-30T19:36:47.917Z] [FETCH] Page 1 requesting: https://tiendacp.boostpatagonia.online/wp-json/wc/v3/products?per_page=80&page=1&status=publish
--------------------------------------------------
[2026-05-30T19:36:47.930Z] [RESPONSE] Page 1 received. Status: 200 ok: true
--------------------------------------------------
[2026-05-30T19:36:47.937Z] [SUCCESS] Page 1 successfully fetched 80 products.
--------------------------------------------------
[2026-05-30T19:36:47.937Z] [FETCH] Page 2 requesting: https://tiendacp.boostpatagonia.online/wp-json/wc/v3/products?per_page=80&page=2&status=publish
--------------------------------------------------
[2026-05-30T19:36:47.940Z] [RESPONSE] Page 2 received. Status: 200 ok: true
--------------------------------------------------
[2026-05-30T19:36:47.943Z] [SUCCESS] Page 2 successfully fetched 80 products.
--------------------------------------------------
[2026-05-30T19:36:47.943Z] [FETCH] Page 3 requesting: https://tiendacp.boostpatagonia.online/wp-json/wc/v3/products?per_page=80&page=3&status=publish
--------------------------------------------------
[2026-05-30T19:36:47.945Z] [RESPONSE] Page 3 received. Status: 200 ok: true
--------------------------------------------------
[2026-05-30T19:36:47.950Z] [SUCCESS] Page 3 successfully fetched 80 products.
--------------------------------------------------
[2026-05-30T19:36:47.951Z] [FETCH] Page 4 requesting: https://tiendacp.boostpatagonia.online/wp-json/wc/v3/products?per_page=80&page=4&status=publish
--------------------------------------------------
[2026-05-30T19:36:47.952Z] [RESPONSE] Page 4 received. Status: 200 ok: true
--------------------------------------------------
[2026-05-30T19:36:47.953Z] [SUCCESS] Page 4 successfully fetched 12 products.
--------------------------------------------------
[2026-05-30T19:36:47.953Z] [FETCH] Page 5 requesting: https://tiendacp.boostpatagonia.online/wp-json/wc/v3/products?per_page=80&page=5&status=publish
--------------------------------------------------
[2026-05-30T19:36:47.954Z] [RESPONSE] Page 5 received. Status: 200 ok: true
--------------------------------------------------
[2026-05-30T19:36:47.956Z] [SUCCESS] Page 5 successfully fetched 0 products.
--------------------------------------------------
[2026-05-30T19:36:47.956Z] [LOOP_BREAK] Stopped product loop at page 5 (no more products or connection failed).
--------------------------------------------------
[2026-05-30T19:36:47.956Z] [COMPLETE] fetchWooCommerceProducts completed. Total real products flattened: 252
--------------------------------------------------
[2026-05-30T19:36:47.961Z] [RENDER] Homepage successfully loaded 252 live products.
--------------------------------------------------
[2026-05-30T19:36:47.971Z] [BACKUP WRITE] Successfully saved offline backup to backup-products.json (252 items)
--------------------------------------------------
[2026-05-30T19:36:48.026Z] [RENDER] Homepage Server Side render initiated.
--------------------------------------------------
[2026-05-30T19:36:48.027Z] [CACHE HIT] Products returned from memory cache (252 products, age: 0s)
--------------------------------------------------
[2026-05-30T19:36:48.031Z] [RENDER] Homepage successfully loaded 252 live products.
--------------------------------------------------
[2026-05-30T19:39:39.655Z] [RENDER] Homepage Server Side render initiated.
--------------------------------------------------
[2026-05-30T19:39:39.655Z] [CACHE HIT] Products returned from memory cache (252 products, age: 172s)
--------------------------------------------------
[2026-05-30T19:39:39.662Z] [RENDER] Homepage successfully loaded 252 live products.
--------------------------------------------------
[2026-05-30T19:48:29.200Z] [RENDER] Homepage Server Side render initiated.
--------------------------------------------------
[2026-05-30T19:48:29.202Z] [INIT] fetchWooCommerceProducts: WOOCOMMERCE_URL="https://tiendacp.boostpatagonia.online/wp-json/wc/v3", CK=SET, CS=SET
--------------------------------------------------
[2026-05-30T19:48:29.203Z] [FETCH] Page 1 requesting: https://tiendacp.boostpatagonia.online/wp-json/wc/v3/products?per_page=80&page=1&status=publish
--------------------------------------------------
[2026-05-30T19:48:29.215Z] [RESPONSE] Page 1 received. Status: 200 ok: true
--------------------------------------------------
[2026-05-30T19:48:29.221Z] [SUCCESS] Page 1 successfully fetched 80 products.
--------------------------------------------------
[2026-05-30T19:48:29.222Z] [FETCH] Page 2 requesting: https://tiendacp.boostpatagonia.online/wp-json/wc/v3/products?per_page=80&page=2&status=publish
--------------------------------------------------
[2026-05-30T19:48:29.224Z] [RESPONSE] Page 2 received. Status: 200 ok: true
--------------------------------------------------
[2026-05-30T19:48:29.227Z] [SUCCESS] Page 2 successfully fetched 80 products.
--------------------------------------------------
[2026-05-30T19:48:29.227Z] [FETCH] Page 3 requesting: https://tiendacp.boostpatagonia.online/wp-json/wc/v3/products?per_page=80&page=3&status=publish
--------------------------------------------------
[2026-05-30T19:48:29.230Z] [RESPONSE] Page 3 received. Status: 200 ok: true
--------------------------------------------------
[2026-05-30T19:48:29.234Z] [SUCCESS] Page 3 successfully fetched 80 products.
--------------------------------------------------
[2026-05-30T19:48:29.235Z] [FETCH] Page 4 requesting: https://tiendacp.boostpatagonia.online/wp-json/wc/v3/products?per_page=80&page=4&status=publish
--------------------------------------------------
[2026-05-30T19:48:29.235Z] [RESPONSE] Page 4 received. Status: 200 ok: true
--------------------------------------------------
[2026-05-30T19:48:29.236Z] [SUCCESS] Page 4 successfully fetched 12 products.
--------------------------------------------------
[2026-05-30T19:48:29.236Z] [FETCH] Page 5 requesting: https://tiendacp.boostpatagonia.online/wp-json/wc/v3/products?per_page=80&page=5&status=publish
--------------------------------------------------
[2026-05-30T19:48:29.237Z] [RESPONSE] Page 5 received. Status: 200 ok: true
--------------------------------------------------
[2026-05-30T19:48:29.238Z] [SUCCESS] Page 5 successfully fetched 0 products.
--------------------------------------------------
[2026-05-30T19:48:29.238Z] [LOOP_BREAK] Stopped product loop at page 5 (no more products or connection failed).
--------------------------------------------------
[2026-05-30T19:48:29.238Z] [COMPLETE] fetchWooCommerceProducts completed. Total real products flattened: 252
--------------------------------------------------
[2026-05-30T19:48:29.241Z] [RENDER] Homepage successfully loaded 252 live products.
--------------------------------------------------
[2026-05-30T19:48:29.248Z] [BACKUP WRITE] Successfully saved offline backup to backup-products.json (252 items)
--------------------------------------------------
[2026-05-30T19:48:29.287Z] [RENDER] Homepage Server Side render initiated.
--------------------------------------------------
[2026-05-30T19:48:29.287Z] [CACHE HIT] Products returned from memory cache (252 products, age: 0s)
--------------------------------------------------
[2026-05-30T19:48:29.290Z] [RENDER] Homepage successfully loaded 252 live products.
--------------------------------------------------
[2026-05-30T19:48:29.330Z] [RENDER] Homepage Server Side render initiated.
--------------------------------------------------
[2026-05-30T19:48:29.330Z] [CACHE HIT] Products returned from memory cache (252 products, age: 0s)
--------------------------------------------------
[2026-05-30T19:48:29.333Z] [RENDER] Homepage successfully loaded 252 live products.
--------------------------------------------------
[2026-05-30T19:48:29.385Z] [RENDER] Homepage Server Side render initiated.
--------------------------------------------------
[2026-05-30T19:48:29.386Z] [CACHE HIT] Products returned from memory cache (252 products, age: 0s)
--------------------------------------------------
[2026-05-30T19:48:29.388Z] [RENDER] Homepage successfully loaded 252 live products.
--------------------------------------------------
[2026-05-30T19:48:29.456Z] [RENDER] Homepage Server Side render initiated.
--------------------------------------------------
[2026-05-30T19:48:29.456Z] [CACHE HIT] Products returned from memory cache (252 products, age: 0s)
--------------------------------------------------
[2026-05-30T19:48:29.458Z] [RENDER] Homepage successfully loaded 252 live products.
--------------------------------------------------
[2026-05-30T19:48:29.498Z] [RENDER] Homepage Server Side render initiated.
--------------------------------------------------
[2026-05-30T19:48:29.498Z] [CACHE HIT] Products returned from memory cache (252 products, age: 0s)
--------------------------------------------------
[2026-05-30T19:48:29.500Z] [RENDER] Homepage successfully loaded 252 live products.
--------------------------------------------------
[2026-05-30T19:48:29.560Z] [RENDER] Homepage Server Side render initiated.
--------------------------------------------------
[2026-05-30T19:48:29.560Z] [CACHE HIT] Products returned from memory cache (252 products, age: 0s)
--------------------------------------------------
[2026-05-30T19:48:29.563Z] [RENDER] Homepage successfully loaded 252 live products.
--------------------------------------------------
[2026-05-30T19:48:29.620Z] [RENDER] Homepage Server Side render initiated.
--------------------------------------------------
[2026-05-30T19:48:29.620Z] [CACHE HIT] Products returned from memory cache (252 products, age: 0s)
--------------------------------------------------
[2026-05-30T19:48:29.623Z] [RENDER] Homepage successfully loaded 252 live products.
--------------------------------------------------
[2026-05-30T19:48:53.172Z] [RENDER] ShopPage Server Side render initiated. Category parameter: cyberday
--------------------------------------------------
[2026-05-30T19:48:53.173Z] [CACHE HIT] Products returned from memory cache (252 products, age: 24s)
--------------------------------------------------
[2026-05-30T19:48:53.173Z] [RENDER] ShopPage successfully loaded 252 live products.
--------------------------------------------------
[2026-05-30T21:48:52.303Z] [RENDER] Homepage Server Side render initiated.
--------------------------------------------------
[2026-05-30T21:48:52.304Z] [INIT] fetchWooCommerceProducts: WOOCOMMERCE_URL="https://tiendacp.boostpatagonia.online/wp-json/wc/v3", CK=SET, CS=SET
--------------------------------------------------
[2026-05-30T21:48:52.305Z] [FETCH] Page 1 requesting: https://tiendacp.boostpatagonia.online/wp-json/wc/v3/products?per_page=80&page=1&status=publish
--------------------------------------------------
[2026-05-30T21:48:54.476Z] [RESPONSE] Page 1 received. Status: 200 ok: true
--------------------------------------------------
[2026-05-30T21:48:54.893Z] [SUCCESS] Page 1 successfully fetched 80 products.
--------------------------------------------------
[2026-05-30T21:48:54.893Z] [FETCH] Page 2 requesting: https://tiendacp.boostpatagonia.online/wp-json/wc/v3/products?per_page=80&page=2&status=publish
--------------------------------------------------
[2026-05-30T21:48:55.799Z] [RESPONSE] Page 2 received. Status: 200 ok: true
--------------------------------------------------
[2026-05-30T21:48:55.878Z] [SUCCESS] Page 2 successfully fetched 80 products.
--------------------------------------------------
[2026-05-30T21:48:55.878Z] [FETCH] Page 3 requesting: https://tiendacp.boostpatagonia.online/wp-json/wc/v3/products?per_page=80&page=3&status=publish
--------------------------------------------------
[2026-05-30T21:48:56.760Z] [RESPONSE] Page 3 received. Status: 200 ok: true
--------------------------------------------------
[2026-05-30T21:48:56.866Z] [SUCCESS] Page 3 successfully fetched 80 products.
--------------------------------------------------
[2026-05-30T21:48:56.866Z] [FETCH] Page 4 requesting: https://tiendacp.boostpatagonia.online/wp-json/wc/v3/products?per_page=80&page=4&status=publish
--------------------------------------------------
[2026-05-30T21:48:57.378Z] [RESPONSE] Page 4 received. Status: 200 ok: true
--------------------------------------------------
[2026-05-30T21:48:57.393Z] [SUCCESS] Page 4 successfully fetched 12 products.
--------------------------------------------------
[2026-05-30T21:48:57.393Z] [FETCH] Page 5 requesting: https://tiendacp.boostpatagonia.online/wp-json/wc/v3/products?per_page=80&page=5&status=publish
--------------------------------------------------
[2026-05-30T21:48:57.862Z] [RESPONSE] Page 5 received. Status: 200 ok: true
--------------------------------------------------
[2026-05-30T21:48:57.867Z] [SUCCESS] Page 5 successfully fetched 0 products.
--------------------------------------------------
[2026-05-30T21:48:57.867Z] [LOOP_BREAK] Stopped product loop at page 5 (no more products or connection failed).
--------------------------------------------------
[2026-05-30T21:48:57.867Z] [COMPLETE] fetchWooCommerceProducts completed. Total real products flattened: 252
--------------------------------------------------
[2026-05-30T21:48:57.877Z] [RENDER] Homepage successfully loaded 252 live products.
--------------------------------------------------
[2026-05-30T21:48:57.898Z] [BACKUP WRITE] Successfully saved offline backup to backup-products.json (252 items)
--------------------------------------------------
